use RoofingCompany;

--HR
insert into Employee (EmployeeName, EmployeeSurname, ZipCode, City, Street, HouseNumber, ApartmentNum, PhoneNumber, PESEL)
	values
		('Andrzej', 'Kowalski', '01-493', 'Warszawa', 'Niepodległości', '105', '102', '589 603 804', '78121611920'),
		('Stefan', 'Nowak', '04-905', 'Warszawa', 'Powstańców', '10', '20', '607 894 489', '66123111809'),
		('Witold', 'Wiśniewski', '03-444', 'Otwock', 'Główna', '23A', '5', '555 555 444', '33112244560'),
		('Szymon', 'Wójcik', '40-404', 'Wrocław', 'Gen. Maczka', '50B', '10', '666 666 321', '55100511890'),
		('Dariusz', 'Kowalczyk', '30-400', 'Lublin', 'Marii Curie', '300C', '11', '555 312 123', '89011588290'),
		('Andrzej', 'Andrzej', '99-351', 'Włocławek', 'Główna', '3E', '3', '543 123 888', '88061155443'),
		('Jakub', 'Kowal', '33-230', 'Warszawa', 'Puławska', '33', Null, '777 777 777', '55112234562'),
		('Michał', 'Bromiński', '09-212', 'Warszawa', 'Ekologiczna', '25', '22', '666 666 666', '95031355232'),
		('Michał', 'Kujda', '01-494', 'Warszawa', 'Rosy Bailly', '1C', Null, '666 626 234', '94032312455'),
		('Paweł', 'Kusicielek', '30-303', 'Pruszków', Null, '401', 'Null', '555 321 123', '55012155222'),
		('Anna', 'Kowalczyk', '01-505', 'Warszawa', 'Nadwodna', '30', '12', '546 879 659', '89021585230'),
		('Jacław', 'Rozmus', '20-350', 'Kraków', 'Marii Curie', '300C', '22', '667 631 557', '71073067344'),
		('Huberta', 'Bartosiak', '30-500', 'Lublin', 'Główna', '3', null, '287 254 650', '74061973058'),
		('Andromeda', 'Adamek', '10-800', 'Warszawa', 'Racławicka', '20', null, '723 420 610', '89051334881'),
		('Niecisław', 'ŚWitała', '22-555', 'Kraków', 'Rakowiecka', '81', '12', '708 154 330', '67082435131'),
		('Iwa', 'Szymanek', '33-440', 'Zakopane', 'Puławska', '35', '2', '595 810 620', '65062863154'),
		('Anna', 'Zielonka', '07-400', 'Gliwice', 'Niepodległości', '32', '10', '172 537 850', '57102456561'),
		('Marek', 'Góralczyk', '05-333', 'Sosnowiec', 'Dolna', '33', '15', '139 523 658', '91031803733'),
		('Dorota', 'Kosicka', '19-303', 'Gdańsk', 'Górna', '121', Null, '321 479 793', '98122988203'),
		('Małgorzata', 'Brzóska', '10-105', 'Gdynia', 'Boczna', '78', null, '142 553 559', '57041566600'),
		('Marcin', 'Kot', '02-708', 'Szczecin', 'Poznańska', '58', '11', '136 516 860', '87082457595'),
		('Dariusz', 'Dzik', '23-567', 'Sopot', 'Mazowiecka', '96', '9', '467 153 414', '85040624829'),
		('Diana', 'Nycz', '67-324', 'Białystok', 'Krakowska', '10', '25', '538 343 829', '96050977429'),
		('Edyta', 'Sagan', '06-632', 'Bielsk Podlaski', 'Kremowa', '9', null, '817 857 290', '99083052624'),
		('Gabriel', 'Kowalczy', '20-455', 'Bielsko-Biała', 'Biała', '1B', null, '196 622 270', '66070613575'),
		('Wojciech', 'Konieczny', '80-505', 'Poznań', 'Czarna', '3C', '5', '277 105 690', '51012491533'),
		('Mariusz', 'Podgórski', '90-606', 'Toruń', 'Kwiatowa', '8B', '3', '831 794 577', '81072821397'),
		('Klaudia', 'Badura', '55-555', 'Wadowice', 'Różana', '20A', '8', '886 232 342', '64020854245'),
		('Marceli', 'Milewski', '66-666', 'Częstochowa', 'Jaskółki', '11', '20', '187 680 053', '89011588290');

		
insert into Position (Workplace, ValidityOfOshTraining, VailidityOfMedicalExam) --Validity in days
	values
		('Kierownik', 2190, 730),				--1 All
		('Kontroler jakości', 365, 730),		--2	Quality control
		('Inżynier projektant', 730, 730),		--3 Quality control
		('Operator', 365, 365),					--4	Production
		('Elektromechanik', 365, 365),			--5	Maintenance
		('Automatyk', 365, 365),				--6 Maintenance
		('Handlowiec', 2190, 730),				--7 Logistics
		('Księgowy', 2190, 730),				--8	HR&Finances
		('Pracownik HR', 2190, 730),			--9	HR&Finances
		('Dyrektor', null, null);				--10


insert into Contract(StartDate, EndDate, Salary, IdEmployee, IdPosition, WorkplaceTrainingDate)
	values
		('2018-03-22', '2020-03-22', 25000, 1, 10, '2018-03-23'),
		('2018-05-06', '2020-05-06', 8000, 2, 1, '2018-05-06'),
		('2018-06-13', '2020-06-13', 7000, 3, 1, '2018-06-13'),
		('2018-03-16', '2020-03-16', 9000, 4, 1, '2018-03-16'),
		('2018-02-15', '2020-02-15', 7500, 5, 1, '2018-02-15'),
		('2018-03-22', '2020-03-22', 8000, 6, 1, '2018-03-23'),
		('2018-05-06', '2020-05-06', 5000, 7, 2, '2018-05-06'),
		('2018-06-13', '2020-06-13', 4000, 8, 2, '2018-06-13'),
		('2018-03-16', '2020-03-16', 4500, 9, 3, '2018-03-16'),
		('2018-02-15', '2020-02-15', 4000, 10, 3, '2018-02-15'),
		('2018-03-22', '2019-05-22', 4000, 11, 4, '2018-03-23'),
		('2018-05-06', '2019-05-06', 4700, 12, 4, '2018-05-06'),
		('2018-06-13', '2020-06-13', 4300, 13, 4, '2018-06-13'),
		('2018-03-16', '2020-03-16', 3700, 14, 4, '2018-03-16'),
		('2018-02-15', '2020-02-15', 3500, 15, 4, '2018-02-15'),
		('2018-03-22', '2020-03-22', 4500, 16, 4, '2018-03-23'),
		('2018-05-06', '2020-05-06', 4000, 17, 4, '2018-05-06'),
		('2018-06-13', '2019-07-13', 4200, 18, 4, '2018-06-13'),
		('2018-03-16', '2020-03-16', 4100, 19, 4, '2018-03-16'),
		('2018-02-15', '2020-02-15', 4700, 20, 4, '2018-02-15'),
		('2018-03-22', '2020-03-22', 5000, 21, 5, '2018-03-23'),
		('2018-05-06', '2020-05-06', 5100, 22, 5, '2018-05-06'),
		('2018-06-13', '2019-06-13', 4700, 23, 6, '2018-06-13'),
		('2018-03-16', '2020-03-16', 4500, 24, 6, '2018-03-16'),
		('2018-02-15', '2020-02-15', 3500, 25, 7, '2018-02-15'),
		('2018-03-22', '2020-03-22', 3500, 26, 7, '2018-03-23'),
		('2018-05-06', '2020-05-06', 6500, 27, 8, '2018-05-06'),
		('2018-06-13', '2019-07-13', 4500, 28, 9, '2018-06-13');


Insert into AbsenceType(AbscenceReason, Multiplier)
	values 
		('Urlop płatny', 1),
		('Urlop bezpłatny', 0),
		('Na żądanie', 0),
		('Nieusprawiedliwiona', 0),
		('L4', 0.75);

insert into Absence(IdAbsenceType, IdEmployee, StartOfAbsence, EndOfAbsence)
	values
		(1, 1, '2018-05-12', '2018-05-19'),
		(2, 2, '2018-08-01', '2018-08-08'),
		(3, 3, '2018-10-21', '2018-10-22'),
		(4, 4, '2018-11-02', '2018-11-02'),
		(5, 5, '2018-12-15', '2018-12-20'),
		(1, 7, '2019-01-12', '2019-01-19'),
		(1, 11, '2019-01-01', '2019-01-08'),
		(3, 13, '2019-01-21', '2019-01-23'),
		(5, 17, '2019-01-02', '2019-01-22'),
		(3, 20, '2019-02-15', '2019-02-20'),
		(1, 21, '2019-02-12', '2019-02-19'),
		(5, 22, '2019-02-01', '2019-02-08'),
		(2, 9, '2019-02-21', '2019-02-22'),
		(2, 19, '2019-03-02', '2019-03-02'),
		(5, 28, '2019-03-15', '2019-03-20'),
		(1, 6, '2019-05-12', '2019-05-19'),
		(2, 12, '2019-06-01', '2019-06-08'),
		(2, 1, '2019-06-21', '2019-06-22'),
		(2, 2, '2019-07-02', '2019-07-02'),
		(1, 3, '2019-06-15', '2019-06-20'),
		(1, 4, '2019-05-12', '2019-05-19'),
		(1, 5, '2019-05-01', '2019-05-08'),
		(2, 6, '2019-04-21', '2019-04-22'),
		(2, 11, '2019-07-02', '2019-07-10'),
		(1, 23, '2019-05-15', '2019-05-20');

insert into Payment(Bonus, IdEmployee, Date, Sum)
	values
		(DEFAULT, 1, '2018-07-01', 3500),
		(300, 2, '2018-07-01', 3000),
		(100, 3, '2018-07-01', 3000),
		(500, 4, '2018-07-01', 3000),
		(250, 5, '2018-07-01', 3000),
		(230, 7, '2018-08-01', 3630),--
		(630, 6, '2018-08-01', 3210),
		(140, 8, '2018-08-01', 3340),
		(330, 9, '2018-09-01', 3750),
		(250, 10, '2018-09-01', 2950),
		(170, 11, '2018-09-01', 3170),
		(100, 13, '2018-09-01', 3850),
		(440, 15, '2018-10-01', 4440),
		(160, 12, '2018-10-01', 3660),
		(200, 14, '2018-11-01', 2910),
		(default, 17, '2018-11-01', 3100),
		(550, 20, '2018-12-01', 3450),
		(350, 19, '2018-12-01', 3250),
		(125, 21, '2018-12-01', 3565),
		(325, 22, '2018-12-01', 2865),
		(350, 23, '2019-01-01', 3450),
		(450, 24, '2019-01-01', 3350),
		(default, 25, '2019-01-01', 4100),
		(default, 26, '2019-02-01', 3560),
		(120, 27, '2019-02-01', 3420),
		(170, 28, '2019-02-01', 4420),
		(450, 3, '2019-03-01', 3250),
		(250, 5, '2019-03-01', 2850),
		(150, 7, '2019-03-01', 3300),
		(125, 8, '2019-03-01', 3125),
		(550, 10, '2019-04-01', 4450),
		(325, 12, '2019-04-01', 3625),
		(250, 14, '2019-04-01', 3540),
		(430, 17, '2019-04-01', 3740);

INSERT INTO Department(DepartmentName)
	values
		('Produkcja'),
		('Utrzymanie ruchu'),
		('HR i Finanse'),
		('Logistyka'),
		('Kontrola jakosci');

insert into Staff(IdDeparment, IdPosition, Number, DateFrom)
	values 
		(1, 1, 1, '2019-04-04'),
		(1, 4, 5, '2019-04-04'),
		(2, 1, 1, '2019-04-04'),
		(2, 5, 2, '2019-04-04'),
		(2, 6, 2, '2019-04-04'),
		(3, 1, 1, '2019-04-04'),
		(3, 8, 1, '2019-04-04'),
		(3, 9, 2, '2019-04-04'),
		(4, 1, 1, '2019-04-04'),
		(4, 7, 2, '2019-04-04'),
		(5, 9, 2, '2019-04-04'),
		(5, 1, 1, '2019-04-04'),
		(5, 7, 2, '2019-04-04');


INSERT INTO Contractor(ContractorName,Phone,Email,City,PostalCode,Street,HouseNumber,ApartmentNumber,NIP,KRS)
	values
		('PGNiG',520325652,'pgnigo@o2.pl','Warszawa',00537,'ul.Krucza','14','6',525008028,0000059492),
		('Energa',652232522,'energa.sa@energa.pl','Gdańsk',80309,'al. Grunwaldzka','472','',9570957722,0000271591),
		('MPWiK',224455000,'dok@mpwik.com.pl','Warszawa',02015,'pl. Starynkiewicza','5','',5250005662,0000146138),
		('T-Mobile',602913000,'pr@t-mobile.pl','Warszawa',02674,'ul. Marynarska','12','',5261040567,0000391193),
		('T-Mobile',222200000,'nc+@canal+.pl','Łódź',31535,'al. gen. W. Sikorskiego','12','2',5210082774,0000469644);

INSERT INTO InvoiceType(Type)
	values
		('Energia elektryczna'),
		('Wodociągi'), 
		('Śmieci'),
		('Artykuły biurowe'),
		('Inwestycje');

INSERT INTO Invoice(IdContractor,IdInvoiceType,Date,Sum)
	values
		(1, 2, '2019-02-10', 550.45),
		(3, 3, '2019-03-10', 1250),
		(2, 4, '2019-04-05', 5504),
		(5, 2, '2019-02-22', 1550.15),
		(4, 5, '2019-02-22', 50),
		(2, 4, '2019-02-23', 1532),
		(1, 2, '2019-03-03', 876),
		(3, 3, '2019-03-06', 1452),
		(4, 5, '2019-03-08', 2563),
		(5, 5, '2019-03-16', 12325),
		(1, 2, '2019-04-04', 3210),
		(2, 4, '2019-04-06', 425),
		(3, 3, '2019-04-10', 3200),
		(4, 5, '2019-04-11', 1250),
		(5, 5, '2019-04-17', 6500);

INSERT INTO Expense(IdDepartment,IdInvoice)
	values
		(1,1),
		(3,3),
		(2,5),
		(1,2),
		(5,4),
		(2, 5),
		(1, 7),
		(3, 8),
		(5, 9),
		(1, 11),
		(2, 10),
		(3, 12),
		(4, 15);

insert into Allocation(IdEmployee, IdDepartment, StartDate, EndDate)
	Values
		(2, 1, '2018-03-22', NULL),
		(3, 2, '2018-05-06', NULL),
		(4, 3, '2018-06-13', NULL),
		(5, 4, '2018-03-16', NULL),
		(6, 5, '2018-02-15', NULL),
		(7, 5, '2018-03-22', NULL),
		(8, 5, '2018-05-06', NULL),
		(9, 5, '2018-06-13', NULL),
		(10, 5, '2018-03-13', NULL),
		(11, 1, '2018-02-22', NULL),
		(12, 1, '2018-03-06', NULL),
		(13, 1, '2018-05-13', NULL),
		(14, 1, '2018-06-16', NULL),
		(15, 1, '2018-03-15', NULL),
		(16, 1, '2018-02-22', NULL),
		(17, 1, '2018-03-06', NULL),
		(18, 1, '2018-05-13', NULL),
		(19, 1, '2018-06-16', NULL),
		(20, 1, '2018-03-15', NULL),
		(21, 2, '2018-02-22', NULL),
		(22, 2, '2018-03-06', NULL),
		(23, 2, '2018-05-13', NULL),
		(24, 2, '2018-06-16', NULL),
		(25, 4, '2018-03-15', NULL),
		(26, 4, '2018-02-22', NULL),
		(27, 3, '2018-05-06', NULL),
		(28, 3, '2018-06-13', NULL);
		

insert into MedicalExamination(IdEmployee, Date)
	values 
		(8, '2018-05-06'),
		(2, '2018-07-04'),
		(3, '2018-06-16'),
		(4, '2018-04-16'),
		(5, '2018-04-16'),
		(6, '2018-05-06'),
		(7, '2018-07-04'),
		(9, '2018-06-16'),
		(10, '2018-04-16'),
		(11, '2018-04-16'),
		(21, '2018-05-06'),
		(12, '2018-07-04'),
		(13, '2018-06-16'),
		(14, '2018-04-16'),
		(15, '2018-04-16'),
		(16, '2018-05-06'),
		(17, '2018-07-04'),
		(18, '2018-06-16'),
		(19, '2018-04-16'),
		(20, '2018-04-16');

insert into EducationLevel(EducationLevel, Degree, DegreeShort)
	values 
		('Podstawowe', Null, null),
		('Gimnazjalne', Null, null),
		('Ponadgimnazjalne', Null, null),
		('Średnie', Null, null),
		('Policealne', Null, null),
		('Studium', Null, null),
		('Wyższe I stopnia techniczne', 'inżynier', 'inż'),
		('Wyższe I stopnia', 'licencjat', null);

insert into Training(IdEmployee, TrainingName, TrainingStartDate, TrainingEndDate, TrainingPrice)
	values 
		(2, 'Szkolenie kierownicze', '2020-01-05', '2020-01-05', 1000),
		(3, 'Szkolenie kierownicze', '2020-01-05', '2020-01-05', 1000),
		(4, 'Szkolenie kierownicze', '2020-01-05', '2020-01-05', 1000),
		(5, 'Szkolenie kierownicze', '2020-01-05', '2020-01-05', 1000),
		(6, 'Szkolenie kierownicze', '2020-01-05', '2020-01-05', 1000);
		

insert into Education(IdEmployee, IdEducationLevel, GraduationDate)
	values
		(1, 5, '2009-06-10'), 
		(2, 6, '2010-06-21'), 
		(3, 4, '2012-06-22'), 
		(4, 3, '2009-06-23'), 
		(5, 2, '2001-06-24');

--Quality control

--Accident
insert into Accident (IdEmployee, AccidentDate, AccidentDescription) values
		(1, '2019-01-07 09:30:00', 'Skaleczenie dłoni arkuszem blachy'),
		(2, '2019-02-01 10:15:00', 'Potknięcie o niezabezpieczony kabel, uraz kostki'),
		(3, '2019-03-11 11:25:00', 'Skaleczenie dłoni podczas rozwijania blachy'),
		(4, '2019-03-12 13:35:00', 'Uraz ręki na skutek włożenia jej do maszyny'),
		(5, '2019-04-01 10:50:00', 'Spadek rolki blachy z uszkodzonej półki magazynowej');

--SafetyControl
insert into SafetyControl (IdSafetyEmployee, IdInspectedEmployee, SaftyControlDate, SafetyControlDescription, CompanyName) values
		('Dąbek Jarosław', 7, '2018-07-07 10:20:00', 'Brak zastosowania środków ochrony indywidualnej', 'TBF'),
		('Dąbek Jarosław', 11, '2018-08-18 10:30:00', 'Obciążenie przycisku maszyny narzędziem i obsługa maszyny jedną ręką zamiast dwiema', 'TBF'),
		('Dąbek Jarosław', 14, '2019-09-07 10:40:00', 'Pozostawienie włączonej maszyny bez nadzoru', 'TBF'),
		('Dąbek Jarosław', 15, '2018-10-07 10:50:00', 'Niezabezpieczenie kabli od elektronarzędzia', 'TBF'),
		('Dąbek Jarosław', 16, '2018-11-07 11:00:00', 'Stosowanie nieodpowiednich narzędzi do wykonywanej pracy', 'TBF'),
		('Tomanek Jerzy', 27, '2019-01-07 12:00:00', 'Złe ustawienie krzesła przy stanowisku biurowym, grożące wadom kręgosłupa', 'TBF'),
		('Tomanek Jerzy', 25, '2019-03-07 11:15:00', 'Niezastosowanie okularów wymaganych do pracy z komputerem', 'TBF');

--SafetyTraining
insert into SafetyTraining (IdEmployee, TrainingDate) values
		(1, '2018-03-22 08:00:00'),
		(2, '2018-05-06 08:00:00'),
		(3, '2018-06-13 08:00:00'),
		(4, '2018-03-16 08:00:00'),
		(5, '2018-02-15 08:00:00'),
		(6, '2018-05-22 08:00:00'),
		(7, '2018-05-16 08:00:00'),
		(8, '2018-06-13 08:00:00'),
		(9, '2018-03-16 08:00:00'),
		(10, '2018-02-15 08:00:00'),
		(11, '2018-03-22 08:00:00'),
		(12, '2018-05-06 08:00:00'),
		(13, '2018-06-13 08:00:00'),
		(14, '2018-05-16 08:00:00'),
		(15, '2018-06-15 08:00:00'),
		(16, '2018-06-22 08:00:00'),
		(17, '2018-06-06 08:00:00'),
		(18, '2018-06-13 08:00:00'),
		(19, '2018-05-26 08:00:00'),
		(20, '2018-05-15 08:00:00'),
		(21, '2018-05-22 08:00:00'),
		(22, '2018-06-06 08:00:00'),
		(23, '2018-06-13 08:00:00'),
		(24, '2018-06-16 08:00:00'),
		(25, '2018-06-15 08:00:00'),
		(26, '2018-03-22 08:00:00'),
		(27, '2018-05-06 08:00:00'),
		(28, '2018-06-13 08:00:00'),
		(29, '2018-07-13 08:00:00');

--SemiFinished
/*grubości blachy u Pruszyńskiego: 0,5; 0,7, 1; 1,25
kolory G - grafit, C - cegła, W - wiśnia, B - brąz, X - czerń
po # numer rolki
jednostki: mm, kg
przykładowa rolka https://sprzedajemy.pl/blacha-aluminiowa-0-7-mm-konstancin-jeziorna-2-a1d299-nr58670589*/
insert into SemiFinished (SfCode, Thickness, Width, SfWeight, Color, ChemicalComposition, RollLength) values
		('C05#1', 0.5, 1000, 580, 'cegła', 'C, Fe, Ni, Cr', 1000),
		('G05#1', 0.5, 1000, 580, 'grafit', 'C, Fe, Ni, Cr', 1000),
		('C07#1', 0.7, 1000, 750, 'cegła', 'C, Fe, Ni, Cr', 1000),
		('W10#1', 1.0, 1000, 950, 'wiśnia', 'C, Fe, Ni, Cr', 1000),
		('B125#1', 1.25, 1000, 1400, 'brąz', 'C, Fe, Ni, Cr', 1000);

insert into Technology(TechnologyName, TimePermeter, SpeedFactor)
	Values
		('Trapez maly', 3, 0.9),
		('Trapez duzy', 2, 0.8),
		('Plaski', 5, 1),
		('Dachowka', 3, 1),
		('Falisty', 2.5, 1);


		--Product
/*TD - trapez duży, TM - trapez mały P - płaski, D - dachówka, F - falisty*/
insert into Product (IdSemiFinished, ProductCode, IdTechnology, InputDate,InProduction) values
		(1, 'C05#1TM', 1, '2019-01-07 10:30:00',1),
		(2, 'G05#1D', 4, '2019-01-07 10:40:00',1),
		(3, 'C07#1TD', 2, '2019-01-07 10:50:00',0),
		(4, 'W10#1F', 5, '2019-01-07 11:00:00',1),
		(5, 'B125#1P', 3, '2019-01-07 11:10:00',1);

--TechnicalProductData
insert into TechnicalProductData (IdProduct, Pattern, Width, WeightPerMeter, Lenght, PricePerMeter) values
		(1, '', 800, 50, 5000, 40),
		(2, '', 800, 55, 5000, 45),
		(3, '', 800, 48, 5000, 38),
		(4, '', 800, 55, 5000, 35),
		(5, '', 800, 57, 5000, 40);

--UR

insert into Unit values ('szt.');
insert into Unit values ('l');
insert into Unit values ('m');
insert into Unit values ('kg');

insert into MachineType values ('Żłobiarka');
insert into MachineType values ('Walcarka');
insert into MachineType values ('Profilarka');
insert into MachineType values ('Zaginarka');
insert into MachineType values ('Gilotyna');


insert into Machine values (4, 'ZDR', 'Dachdecker', 2017, '2', '7m2', '87WF', 360, 0.25);
insert into Machine values (5, 'ZRA', 'Dachdecker', 2015, '5', NULL, '10DW', 80, 0.5);
insert into Machine values (4, 'SEG-L', 'Dachdecker', 2016, '3', '8m2', '9EF2', 400, 0.5);
insert into Machine values (2, 'ZRC', 'Dachdecker', 2018, '4', NULL, 'P12D', 200, 0.25);
insert into Machine values (1, 'ZRA', 'Dachdecker', 2014, '3', NULL, 'E21M', 100, 0.25);

insert into SkillsForMachine(IdMachine, IdPosition)
	values
		(1, 3),
		(2, 3),
		(3, 3),
		(4, 3),
		(5, 3);
 
insert into MaintType values ('Awaria');
insert into MaintType values ('Przegląd');
insert into MaintType values ('Konserwacja');

insert into MaintenanceDescription values ('Smarowanie łańcucha', null);
insert into MaintenanceDescription values ('Wymiana łożysk', null);
insert into MaintenanceDescription values ('Regulacja luzu napinacza', null);
insert into MaintenanceDescription values ('Pomiar zużycia kół zębatych', null);
insert into MaintenanceDescription values ('Wymiana pasa napędowego', null);

insert into PartType values ('Łożysko');
insert into PartType values ('Pasek');
insert into PartType values ('Koło zębate');
insert into PartType values ('Smar');
insert into PartType values ('Łańcuch');
insert into PartType values ('Wał');
insert into PartType values ('Pierścień segera');
insert into PartType values ('Nóż do gilotyny');
insert into PartType values ('Koło pasowe');
insert into PartType values ('Wpust pryzmatyczny');
insert into PartType values ('Podładka M5');
insert into PartType values ('Podładka M6');
insert into PartType values ('Podładka M8');
insert into PartType values ('Śruba M5x25');
insert into PartType values ('Śruba M5x30');
insert into PartType values ('Śruba M5x35');
insert into PartType values ('Śruba M6x12');
insert into PartType values ('Śruba M6x16');
insert into PartType values ('Śruba M6x20');

insert into Part values (1, 1, 'Łożysko kulkowe', 'SKF', 6305, 10, 5);
insert into Part values (3, 1, 'Koło zębate M5', 'Tente', 516, 3, 2);
insert into Part values (4, 4, 'Smar maszynowy', 'CX80', 43681554, 2, 1);
insert into Part values (5, 3, 'Łańcuch krzyżakowy', 'Kort', 5735, 5, 1);
insert into Part values (2, 3, 'Pasek zębaty', 'Oscar', 450, 12, 5);

insert into Maintenance values (2, 2, 3, '2019-03-07 09:43:21 AM', '2019-03-08 10:34:09 AM', '2019-03-08 02:25:53 PM', '8753T78B');
insert into Maintenance values (4, 1, 2, '2019-03-11 08:23:32 AM', '2019-03-11 09:14:09 AM', '2019-03-11 11:45:13 AM', '8912YEY9');
insert into Maintenance values (1, 3, 1, '2019-03-12 08:00:42 AM', '2019-03-12 08:36:59 AM', '2019-03-12 09:10:14 AM', 'P13I1NE1');
insert into Maintenance values (5, 2, 3, '2019-03-13 12:15:54 PM', '2019-03-13 12:20:42 PM', '2019-03-13 12:40:32 PM', 'J4K1EHU1');
insert into Maintenance values (3, 2, 4, '2019-04-10 08:33:21 AM', '2019-05-20 08:12:47 AM', '2019-05-20 10:53:40 AM', 'T0D3B1L3');

insert into MaintPart values (1, 5, 2);
insert into MaintPart values (2, 1, 4);
insert into MaintPart values (3, 3, 1);
insert into MaintPart values (4, 5, 3);
insert into MaintPart values (5, 2, 1);

insert into PartRequest values (2, 5, 0, '2019-04-07 12:12:47 AM');
insert into PartRequest values (3, 10, 1, '2019-04-08 08:42:27 AM');
insert into PartRequest values (5, 25, 0, '2019-04-08 10:25:45 AM');
insert into PartRequest values (1, 8, 0, '2019-04-09 09:10:26 AM');
insert into PartRequest values (4, 20, 0, '2019-04-10 11:31:24 AM');

insert into PartOrder values (1, '2019-04-07 12:32:42 PM', 0, 50);
insert into PartOrder values (2, '2019-04-08 08:55:10 AM', 0, 125);
insert into PartOrder values (3, '2019-04-08 11:40:15 AM', 0, 30);
insert into PartOrder values (4, '2019-04-09 09:26:53 AM', 0, 47);
insert into PartOrder values (5, '2019-04-10 12:05:25 PM', 0, 215);

insert into PartOrderRequest values (1, 1);
insert into PartOrderRequest values (2, 2);
insert into PartOrderRequest values (3, 3);
insert into PartOrderRequest values (4, 4);
insert into PartOrderRequest values (5, 5);

insert into PartOrderDetail values (1, 1, 5);
insert into PartOrderDetail values (2, 2, 20);
insert into PartOrderDetail values (3, 3, 13);
insert into PartOrderDetail values (4, 4, 100);
insert into PartOrderDetail values (5, 5, 32);

insert into Realization values (1, 1, '2019-03-08 10:34:09 AM', '2019-03-08 02:25:53 PM');
insert into Realization values (1, 2, '2019-03-08 10:34:09 AM', '2019-03-08 02:25:53 PM');
insert into Realization values (2, 3, '2019-03-11 09:14:09 AM', '2019-03-11 11:45:13 AM');
insert into Realization values (2, 1, '2019-03-11 09:14:09 AM', '2019-03-11 11:45:13 AM');
insert into Realization values (3, 2, '2019-03-12 08:36:59 AM', '2019-03-12 09:10:14 AM');

insert into EmployeePlan values (1, 1, '2019-03-08 10:34:09 AM', '2019-03-08 02:25:53 PM');
insert into EmployeePlan values (1, 2, '2019-03-08 10:34:09 AM', '2019-03-08 02:25:53 PM');
insert into EmployeePlan values (2, 3, '2019-03-11 09:14:09 AM', '2019-03-11 11:45:13 AM');
insert into EmployeePlan values (2, 1, '2019-03-11 09:14:09 AM', '2019-03-11 11:45:13 AM');
insert into EmployeePlan values (3, 2, '2019-03-12 08:36:59 AM', '2019-03-12 09:10:14 AM');


--SD
insert into Customer values('AndrzejBlach Sp. z o.o.', '606842134', 'AnBlach@gmail.com', 'Kraków',
'12-852', 'Wolnosci', '6', '', '', '1021256487', '974131497', ' ');
insert into Customer values('BlachPOL Sp. z o.o.', '504897425', 'BPPL@gmail.com', 'Bytom',
'97-234', 'Sosnowa', '7', '16', '', '1023259852', '134863918', '');
insert into Customer values('BlachLAND Sp. akcyjna', '506487412', 'blachland@wp.pl', 'Kielce',
'41-262', 'Świerkowa', '9', '26', '', '2012549782', '654316487', '');
insert into Customer values('Zdzisław Kręcinai', '602352148', 'zdzisiek58@gmail.com', 'Sosnowiec',
'62-234', 'Pusta', '2', '', '1021112065', ' ', '', 'Ważny klient');
insert into Customer values('Krzysztof Kononowicz', '605987412', 'konon@pocztaonet.pl', 'Białystok',
'05-813', 'Sosnowa', '43', '', '1021023158', ' ', '', '');

insert into OrderCustomer values('2', '1', '2019-04-05 14:00', '5500', '0.2', '1');
insert into OrderCustomer values('2', '2', '2019-04-02 12:00', '6800', '0.3', '1');
insert into OrderCustomer values('3', '2', '2019-04-08 10:00', '1200', '0.4', '1');
insert into OrderCustomer values('1', '2', '2019-03-28 10:00', '5800', '0.4', '1');
insert into OrderCustomer values('5', '1', '2019-03-21 11:00', '9600', '0.1', '1');
insert into OrderCustomer values('4', '2', '2019-03-18 09:30', '4580', '0.5', '1');
insert into OrderCustomer values('2', '1', '2019-03-12 11:00', '12000', '0.15', '1');

insert into OrderDetail values('1', '1', '100');
insert into OrderDetail values('1', '2', '200');
insert into OrderDetail values('2', '1', '150');
insert into OrderDetail values('2', '2', '80');
insert into OrderDetail values('3', '2', '40');
insert into OrderDetail values('4', '2', '60');
insert into OrderDetail values('5', '3', '800');
insert into OrderDetail values('6', '1', '400');
insert into OrderDetail values('6', '2', '900');
insert into OrderDetail values('7', '2', '1200');
insert into OrderDetail values('3', '1', '200');
insert into OrderDetail values('2', '4', '400');
insert into OrderDetail values('4', '3', '500');

insert into SupplierType values('Półfabrykaty');
insert into SupplierType values('Części');

insert into Supplier values('1', 'BlachoSprzedawca s.a.', '604215468', 'BlachoSprzedawca@wp.pl', 'Żyrardów',
'05-813', 'Długa', '11', '', '1023254186','56168496', '');
insert into Supplier values('1', 'Urimarex s.a.', '616201425', 'unimarex@gmail.com', 'Warszawa',
'02-111', 'Puławska', '98', '2', '1203256475','61543244', ' ');
insert into Supplier values('1', 'BlachMAN s.j.', '807412345', 'BlachMAN@pocztaonet.pl', 'Gdańsk',
'11-025', 'Morska', '2', '', '1023256412','7564231', '');
insert into Supplier values('2', 'RoboMAN s.j.', '978085413', 'RoboMAN@gmail.com', 'Płońsk',
'07-514', 'Sroga', '34', '11', '1202325142','2483213', '');
insert into Supplier values('2', 'Vortex s.j.', '504123520', 'Vortex@gmail.com', 'Katowice',
'02-134', 'Południowa', '214', '', '1102012584','123135468', '');

insert into SemiFinishedOrder values(2, '2019-02-15 12:10', '2019-02-25 16:10', 6400);
insert into SemiFinishedOrder values(1, '2019-02-16 12:10', '2019-02-22 11:40', 5200);
insert into SemiFinishedOrder values(5, '2019-02-18 12:10', '2019-02-23 10:50', 1600);
insert into SemiFinishedOrder values(3, '2019-02-20 12:10', '2019-02-24 16:20', 7700);
insert into SemiFinishedOrder values(4, '2019-02-22 12:10', '2019-03-01 08:10', 8500);
insert into SemiFinishedOrder values(3, '2019-02-24 12:10', '2019-03-03 15:50', 8500);
insert into SemiFinishedOrder values(4, '2019-02-26 12:10', '2019-03-08 10:20', 3600);
insert into SemiFinishedOrder values(4, '2019-02-27 12:10', '2019-03-05 08:40', 7900);
insert into SemiFinishedOrder values(3, '2019-02-28 12:10', '2019-03-05 08:40', 5400);
insert into SemiFinishedOrder values(5, '2019-03-01 12:10', '2019-03-08 09:30', 1400);
insert into SemiFinishedOrder values(5, '2019-03-02 12:10', '2019-03-12 13:20', 6800);
insert into SemiFinishedOrder values(5, '2019-03-04 12:10', '2019-03-11 11:50', 8400);
insert into SemiFinishedOrder values(3, '2019-03-05 12:10', '2019-03-08 10:20', 3500);
insert into SemiFinishedOrder values(3, '2019-03-06 12:10', '2019-03-16 09:30', 8100);
insert into SemiFinishedOrder values(1, '2019-03-08 12:10', '2019-03-18 12:20', 7900);
insert into SemiFinishedOrder values(3, '2019-03-09 12:10', '2019-03-15 08:00', 4300);
insert into SemiFinishedOrder values(3, '2019-03-11 12:10', '2019-03-16 14:30', 7000);
insert into SemiFinishedOrder values(2, '2019-03-13 12:10', '2019-03-23 12:10', 6600);
insert into SemiFinishedOrder values(3, '2019-03-15 12:10', '2019-03-18 14:00', 1600);
insert into SemiFinishedOrder values(3, '2019-03-17 12:10', '2019-03-22 15:30', 6500);
insert into SemiFinishedOrder values(4, '2019-03-19 12:10', '2019-03-23 11:10', 6100);
insert into SemiFinishedOrder values(5, '2019-03-20 12:10', '2019-03-30 08:00', 6800);
insert into SemiFinishedOrder values(2, '2019-03-21 12:10', '2019-03-24 10:50', 1300);
insert into SemiFinishedOrder values(3, '2019-03-22 12:10', '2019-04-01 13:10', 5300);
insert into SemiFinishedOrder values(2, '2019-03-24 12:10', '2019-03-29 13:50', 3900);
insert into SemiFinishedOrder values(1, '2019-03-25 12:10', '2019-04-02 15:00', 7600);
insert into SemiFinishedOrder values(2, '2019-03-27 12:10', '2019-04-03 09:30', 6400);
insert into SemiFinishedOrder values(3, '2019-03-28 12:10', '2019-04-01 13:30', 5000);
insert into SemiFinishedOrder values(4, '2019-03-29 12:10', '2019-04-02 13:40', 5900);
insert into SemiFinishedOrder values(2, '2019-03-30 12:10', '2019-04-03 11:00', 5100);
insert into SemiFinishedOrder values(5, '2019-04-01 12:10', '2019-04-04 13:50', 4600);
insert into SemiFinishedOrder values(1, '2019-04-03 12:10', '2019-04-07 09:30', 8100);
insert into SemiFinishedOrder values(1, '2019-04-04 12:10', '2019-04-07 13:50', 4800);
insert into SemiFinishedOrder values(5, '2019-04-05 12:10', '2019-04-08 16:00', 2100);
insert into SemiFinishedOrder values(1, '2019-04-06 12:10', '2019-04-16 13:30', 4700);
insert into SemiFinishedOrder values(3, '2019-04-07 12:10', '2019-04-13 12:30', 4900);
insert into SemiFinishedOrder values(4, '2019-04-08 12:10', '2019-04-16 11:10', 2000);
insert into SemiFinishedOrder values(3, '2019-04-10 12:10', '2019-04-20 11:40', 3800);
insert into SemiFinishedOrder values(3, '2019-04-12 12:10', '2019-04-20 12:50', 3600);
insert into SemiFinishedOrder values(5, '2019-04-14 12:10', '2019-04-17 14:30', 7100);
insert into SemiFinishedOrder values(2, '2019-04-16 12:10', '2019-04-19 14:20', 6700);
insert into SemiFinishedOrder values(3, '2019-04-18 12:10', '2019-04-26 12:50', 2400);
insert into SemiFinishedOrder values(4, '2019-04-19 12:10', '2019-04-29 13:30', 3200);
insert into SemiFinishedOrder values(4, '2019-04-21 12:10', '2019-04-24 09:30', 4300);
insert into SemiFinishedOrder values(2, '2019-04-22 12:10', '2019-04-29 16:20', 2800);
insert into SemiFinishedOrder values(1, '2019-04-24 12:10', '2019-05-03 11:50', 5100);
insert into SemiFinishedOrder values(2, '2019-04-25 12:10', '2019-05-06 10:00', 4300);
insert into SemiFinishedOrder values(4, '2019-04-26 12:10', '2019-05-08 11:00', 2900);
insert into SemiFinishedOrder values(3, '2019-04-27 12:10', '2019-05-09 12:20', 6000);
insert into SemiFinishedOrder values(5, '2019-04-28 12:10', '2019-05-09 08:50', 1100);


insert into SfOrderDetail values(1, 5, 8);
insert into SfOrderDetail values(2, 5, 7);
insert into SfOrderDetail values(2, 3, 7);
insert into SfOrderDetail values(2, 4, 3);
insert into SfOrderDetail values(3, 1, 10);--5
insert into SfOrderDetail values(3, 1, 9);
insert into SfOrderDetail values(3, 4, 3);
insert into SfOrderDetail values(4, 4, 3);
insert into SfOrderDetail values(5, 5, 7);
insert into SfOrderDetail values(5, 3, 7);--10
insert into SfOrderDetail values(5, 4, 9);
insert into SfOrderDetail values(6, 4, 3);
insert into SfOrderDetail values(6, 3, 3);
insert into SfOrderDetail values(7, 1, 9);
insert into SfOrderDetail values(8, 5, 8);--15
insert into SfOrderDetail values(9, 3, 4);
insert into SfOrderDetail values(9, 2, 6);
insert into SfOrderDetail values(10, 3, 10);
insert into SfOrderDetail values(10, 4, 8);
insert into SfOrderDetail values(10, 1, 5);--20
insert into SfOrderDetail values(11, 3, 8);
insert into SfOrderDetail values(12, 5, 10);
insert into SfOrderDetail values(13, 1, 3);
insert into SfOrderDetail values(14, 3, 7);
insert into SfOrderDetail values(14, 5, 7);--25
insert into SfOrderDetail values(14, 5, 8);
insert into SfOrderDetail values(15, 5, 6);
insert into SfOrderDetail values(16, 3, 8);
insert into SfOrderDetail values(16, 4, 7);
insert into SfOrderDetail values(17, 3, 8);--30
insert into SfOrderDetail values(17, 1, 5);
insert into SfOrderDetail values(17, 3, 6);
insert into SfOrderDetail values(18, 3, 6);
insert into SfOrderDetail values(19, 5, 6);
insert into SfOrderDetail values(19, 3, 4);--35
insert into SfOrderDetail values(19, 4, 5);
insert into SfOrderDetail values(20, 4, 9);
insert into SfOrderDetail values(20, 2, 9);
insert into SfOrderDetail values(20, 3, 6);
insert into SfOrderDetail values(21, 2, 4);--40
insert into SfOrderDetail values(21, 2, 6);
insert into SfOrderDetail values(21, 5, 9);
insert into SfOrderDetail values(22, 2, 9);
insert into SfOrderDetail values(22, 5, 5);
insert into SfOrderDetail values(22, 3, 10);--45
insert into SfOrderDetail values(23, 3, 4);
insert into SfOrderDetail values(23, 4, 9);
insert into SfOrderDetail values(23, 2, 6);
insert into SfOrderDetail values(24, 1, 8);
insert into SfOrderDetail values(24, 5, 7);--50
insert into SfOrderDetail values(25, 4, 10);
insert into SfOrderDetail values(26, 4, 6);
insert into SfOrderDetail values(27, 4, 10);
insert into SfOrderDetail values(27, 1, 4);
insert into SfOrderDetail values(27, 2, 6);--55
insert into SfOrderDetail values(28, 5, 5);
insert into SfOrderDetail values(28, 4, 10);
insert into SfOrderDetail values(28, 3, 10);
insert into SfOrderDetail values(29, 2, 10);
insert into SfOrderDetail values(30, 2, 4);--60
insert into SfOrderDetail values(30, 1, 7);
insert into SfOrderDetail values(31, 3, 10);
insert into SfOrderDetail values(31, 5, 10);
insert into SfOrderDetail values(31, 1, 6);
insert into SfOrderDetail values(32, 1, 4);--65
insert into SfOrderDetail values(32, 4, 10);
insert into SfOrderDetail values(33, 5, 3);
insert into SfOrderDetail values(33, 4, 4);
insert into SfOrderDetail values(34, 5, 4);
insert into SfOrderDetail values(34, 3, 4);--70
insert into SfOrderDetail values(35, 5, 7);
insert into SfOrderDetail values(35, 4, 9);
insert into SfOrderDetail values(35, 5, 7);
insert into SfOrderDetail values(36, 3, 10);
insert into SfOrderDetail values(36, 1, 5);--75
insert into SfOrderDetail values(36, 5, 4);
insert into SfOrderDetail values(37, 1, 5);
insert into SfOrderDetail values(37, 5, 8);
insert into SfOrderDetail values(38, 4, 10);
insert into SfOrderDetail values(38, 3, 4);--80
insert into SfOrderDetail values(39, 3, 10);
insert into SfOrderDetail values(39, 5, 10);
insert into SfOrderDetail values(39, 3, 8);
insert into SfOrderDetail values(40, 1, 6);
insert into SfOrderDetail values(40, 2, 8);--85
insert into SfOrderDetail values(41, 5, 4);
insert into SfOrderDetail values(42, 3, 10);
insert into SfOrderDetail values(43, 5, 7);
insert into SfOrderDetail values(44, 3, 3);
insert into SfOrderDetail values(45, 4, 3);--90
insert into SfOrderDetail values(46, 5, 9);
insert into SfOrderDetail values(47, 2, 9);
insert into SfOrderDetail values(48, 5, 3);
insert into SfOrderDetail values(48, 2, 3);
insert into SfOrderDetail values(49, 1, 5);--95
insert into SfOrderDetail values(49, 4, 8);
insert into SfOrderDetail values(49, 3, 10);
insert into SfOrderDetail values(50, 2, 7);

--EntranceControl
insert into EntranceControl (IdSfDetail, IdEmployee, ControlDate, ControlStatus, Comments, Quantity, RealThickness, RealWidth, RealWeight, RealColor, ChemicalComposition) values
		(1, 8, '2019-02-25 16:10', 0, 'Zła masa', 8, 1.22, 1005.68, 1476.1, 'brąz', 1),
		(2, 7, '2019-02-22 11:40', 0, 'Zła szerokość', 7, 1.31, 945.12, 1469.58, 'brąz', 1),
		(3, 7, '2019-02-22 11:40', 0, 'Zła grubość', 7, 0.75, 1033.02, 740.45, 'cegła', 1),
		(4, 8, '2019-02-22 11:40', 0, 'Zła masa', 3, 0.98, 1034.83, 1016.03, 'wiśnia', 1),
		(5, 8, '2019-02-23 10:50', 1, 'Brak wad', 10, 0.48, 977.89, 588.9, 'cegła', 1),
		(6, 7, '2019-02-23 10:50', 1, 'Brak wad', 9, 0.52, 982.52, 578.33, 'cegła', 1),
		(7, 7, '2019-02-23 10:50', 1, 'Brak wad', 3, 0.99, 1008.65, 929.9, 'wiśnia', 1),
		(8, 8, '2019-02-24 16:20', 0, 'Zła szerokość', 3, 1.01, 941.64, 937.8, 'wiśnia', 1),
		(9, 7, '2019-03-01 08:10', 1, 'Brak wad', 7, 1.2, 1044.12, 1383.46, 'brąz', 1),
		(10, 7, '2019-03-01 08:10', 0, 'Zła szerokość i masa', 7, 0.71, 1053.29, 707.24, 'cegła', 1),
		(11, 8, '2019-03-01 08:10', 1, 'Brak wad', 9, 0.97, 1004.72, 959.66, 'wiśnia', 1),
		(12, 8, '2019-03-03 15:50', 0, 'Zła grubość i szerokość', 3, 0.93, 1060.3, 940.93, 'wiśnia', 1),
		(13, 7, '2019-03-03 15:50', 1, 'Brak wad', 3, 0.7, 956.55, 745.29, 'cegła', 1),
		(14, 8, '2019-03-08 10:20', 1, 'Brak wad', 9, 0.48, 985.9, 562.35, 'cegła', 1),
		(15, 7, '2019-03-05 08:40', 0, 'Zła grubość', 8, 1.34, 975.18, 1343.0, 'brąz', 1),
		(16, 7, '2019-03-05 08:40', 1, 'Brak wad', 4, 0.72, 1005.07, 736.68, 'cegła', 1),
		(17, 7, '2019-03-05 08:40', 0, 'Zła grubość', 6, 0.47, 958.29, 586.26, 'grafit', 1),
		(18, 7, '2019-03-08 09:30', 1, 'Brak wad', 10, 0.73, 1031.05, 747.89, 'cegła', 1),
		(19, 8, '2019-03-08 09:30', 1, 'Brak wad', 8, 0.99, 980.95, 965.49, 'wiśnia', 1),
		(20, 8, '2019-03-08 09:30', 0, 'Zła grubość', 5, 0.47, 1010.37, 585.26, 'cegła', 1),
		(21, 8, '2019-03-12 13:20', 0, 'Zła szerokość', 8, 0.69, 945.53, 759.13, 'cegła', 1),
		(22, 7, '2019-03-11 11:50', 0, 'Zła grubość', 10, 1.33, 950.78, 1448.12, 'brąz', 1),
		(23, 8, '2019-03-08 10:20', 1, 'Brak wad', 3, 0.5, 1016.74, 555.22, 'cegła', 1),
		(24, 8, '2019-03-16 09:30', 0, 'Zła szerokość i masa', 7, 0.7, 1060.16, 704.8, 'cegła', 1),
		(25, 8, '2019-03-16 09:30', 1, 'Brak wad', 7, 1.2, 994.53, 1340.64, 'brąz', 1),
		(26, 8, '2019-03-16 09:30', 1, 'Brak wad', 8, 1.26, 1066.32, 1445.42, 'brąz', 1),
		(27, 7, '2019-03-18 12:20', 0, 'Zła grubość', 6, 1.32, 972.67, 1413.31, 'brąz', 1),
		(28, 8, '2019-03-15 08:00', 1, 'Brak wad', 8, 0.68, 1033.39, 716.77, 'cegła', 1),
		(29, 8, '2019-03-15 08:00', 1, 'Brak wad', 7, 1.01, 995.41, 975.86, 'wiśnia', 1),
		(30, 7, '2019-03-16 14:30', 0, 'Zła grubość i masa', 8, 0.75, 979.03, 699.67, 'cegła', 1),
		(31, 8, '2019-03-16 14:30', 0, 'Zła grubość', 5, 0.53, 969.74, 607.06, 'cegła', 1),
		(32, 8, '2019-03-16 14:30', 0, 'Zła grubość i masa', 6, 0.66, 1057.57, 756.52, 'cegła', 1),
		(33, 8, '2019-03-23 12:10', 1, 'Brak wad', 6, 0.72, 1005.93, 779.73, 'cegła', 1),
		(34, 8, '2019-03-18 14:00', 0, 'Zła masa', 6, 1.2, 972.37, 1321.92, 'brąz', 1),
		(35, 7, '2019-03-18 14:00', 1, 'Brak wad', 4, 0.72, 1022.78, 758.95, 'cegła', 1),
		(36, 8, '2019-03-18 14:00', 0, 'Zła szerokość', 5, 1.01, 939.86, 936.75, 'wiśnia', 1),
		(37, 7, '2019-03-22 15:30', 0, 'Zła szerokość', 9, 0.99, 942.89, 911.86, 'wiśnia', 1),
		(38, 8, '2019-03-22 15:30', 0, 'Zła szerokość', 9, 0.48, 944.58, 583.09, 'grafit', 1),
		(39, 7, '2019-03-22 15:30', 0, 'Zła grubość, szerokość i masa', 6, 0.65, 938.57, 708.58, 'cegła', 1),
		(40, 8, '2019-03-23 11:10', 0, 'Zła szerokość i masa', 4, 0.48, 935.47, 545.69, 'grafit', 1),
		(41, 7, '2019-03-23 11:10', 1, 'Brak wad', 6, 0.51, 1060.3, 548.56, 'grafit', 1),
		(42, 7, '2019-03-23 11:10', 0, 'Zła szerokość', 9, 1.27, 1056.36, 1392.3, 'brąz', 1),
		(43, 7, '2019-03-30 08:00', 1, 'Brak wad', 9, 0.51, 984.02, 552.09, 'grafit', 1),
		(44, 7, '2019-03-30 08:00', 0, 'Zła grubość', 5, 1.18, 1036.33, 1451.39, 'brąz', 1),
		(45, 8, '2019-03-30 08:00', 1, 'Brak wad', 10, 0.69, 1038.09, 781.46, 'cegła', 1),
		(46, 8, '2019-03-24 10:50', 1, 'Brak wad', 4, 0.7, 969.59, 732.2, 'cegła', 1),
		(47, 7, '2019-03-24 10:50', 0, 'Zła grubość i masa', 9, 1.06, 1015.83, 883.8, 'wiśnia', 1),
		(48, 7, '2019-03-24 10:50', 1, 'Brak wad', 6, 0.49, 1019.59, 553.04, 'grafit', 1),
		(49, 8, '2019-04-01 13:10', 1, 'Brak wad', 8, 0.51, 1031.54, 596.88, 'cegła', 1),
		(50, 7, '2019-04-01 13:10', 1, 'Brak wad', 7, 1.19, 1033.83, 1381.56, 'brąz', 1),
		(51, 7, '2019-03-29 13:50', 0, 'Zła grubość i szerokość', 10, 0.95, 1066.7, 951.9, 'wiśnia', 1),
		(52, 8, '2019-04-02 15:00', 0, 'Zła grubość', 6, 0.94, 988.48, 951.62, 'wiśnia', 1),
		(53, 7, '2019-04-03 09:30', 0, 'Zła grubość i masa', 10, 0.94, 958.94, 1009.34, 'wiśnia', 1),
		(54, 8, '2019-04-03 09:30', 1, 'Brak wad', 4, 0.48, 954.22, 564.3, 'cegła', 1),
		(55, 7, '2019-04-03 09:30', 0, 'Zła masa', 6, 0.52, 1017.52, 610.21, 'grafit', 1),
		(56, 7, '2019-04-01 13:30', 0, 'Zła masa', 5, 1.3, 1042.92, 1324.22, 'brąz', 1),
		(57, 8, '2019-04-01 13:30', 0, 'Zła grubość', 10, 0.93, 997.86, 965.82, 'wiśnia', 1),
		(58, 7, '2019-04-01 13:30', 0, 'Zła grubość', 10, 0.65, 992.64, 754.3, 'cegła', 1),
		(59, 8, '2019-04-02 13:40', 1, 'Brak wad', 10, 0.49, 987.23, 588.68, 'grafit', 1),
		(60, 7, '2019-04-03 11:00', 1, 'Brak wad', 4, 0.49, 1018.06, 604.31, 'grafit', 1),
		(61, 8, '2019-04-03 11:00', 1, 'Brak wad', 7, 0.49, 1025.45, 600.45, 'cegła', 1),
		(62, 8, '2019-04-04 13:50', 0, 'Zła szerokość i masa', 10, 0.69, 946.49, 707.56, 'cegła', 1),
		(63, 7, '2019-04-04 13:50', 0, 'Zła szerokość', 10, 1.24, 931.44, 1347.88, 'brąz', 1),
		(64, 8, '2019-04-04 13:50', 1, 'Brak wad', 6, 0.48, 1030.03, 576.23, 'cegła', 1),
		(65, 7, '2019-04-07 09:30', 0, 'Zła szerokość', 4, 0.48, 1068.98, 589.71, 'cegła', 1),
		(66, 7, '2019-04-07 09:30', 0, 'Zła szerokość i masa', 10, 1.0, 1053.22, 886.78, 'wiśnia', 1),
		(67, 7, '2019-04-07 13:50', 1, 'Brak wad', 3, 1.26, 1001.78, 1399.72, 'brąz', 1),
		(68, 7, '2019-04-07 13:50', 1, 'Brak wad', 4, 0.97, 952.65, 984.2, 'wiśnia', 1),
		(69, 7, '2019-04-08 16:00', 1, 'Brak wad', 4, 1.21, 997.82, 1360.47, 'brąz', 1),
		(70, 8, '2019-04-08 16:00', 0, 'Zła szerokość', 4, 0.69, 946.37, 757.27, 'cegła', 1),
		(71, 8, '2019-04-16 13:30', 0, 'Zła szerokość', 7, 1.24, 948.34, 1332.9, 'brąz', 1),
		(72, 7, '2019-04-16 13:30', 1, 'Brak wad', 9, 1.02, 967.6, 952.35, 'wiśnia', 1),
		(73, 7, '2019-04-16 13:30', 0, 'Zła szerokość', 7, 1.34, 998.48, 1417.82, 'brąz', 1),
		(74, 7, '2019-04-13 12:30', 1, 'Brak wad', 10, 0.73, 1003.97, 730.95, 'cegła', 1),
		(75, 8, '2019-04-13 12:30', 1, 'Brak wad', 5, 0.5, 965.89, 582.65, 'cegła', 1),
		(76, 7, '2019-04-13 12:30', 0, 'Zła grubość', 4, 1.32, 973.35, 1370.2, 'brąz', 1),
		(77, 7, '2019-04-16 11:10', 1, 'Brak wad', 5, 0.5, 995.72, 567.0, 'cegła', 1),
		(78, 7, '2019-04-16 11:10', 1, 'Brak wad', 8, 1.21, 952.47, 1355.62, 'brąz', 1),
		(79, 8, '2019-04-20 11:40', 0, 'Zła grubość, szerokość i masa', 10, 1.06, 941.08, 1008.82, 'wiśnia', 1),
		(80, 7, '2019-04-20 11:40', 0, 'Zła szerokość i masa', 4, 0.69, 930.94, 706.63, 'cegła', 1),
		(81, 7, '2019-04-20 12:50', 1, 'Brak wad', 10, 0.7, 975.27, 777.65, 'cegła', 1),
		(82, 8, '2019-04-20 12:50', 1, 'Brak wad', 10, 1.21, 1015.26, 1355.7, 'brąz', 1),
		(83, 7, '2019-04-20 12:50', 1, 'Brak wad', 8, 0.7, 954.84, 797.48, 'cegła', 1),
		(84, 7, '2019-04-17 14:30', 1, 'Brak wad', 6, 0.49, 1047.22, 570.05, 'cegła', 1),
		(85, 7, '2019-04-17 14:30', 0, 'Zła szerokość', 8, 0.52, 1066.19, 601.25, 'grafit', 1),
		(86, 7, '2019-04-19 14:20', 1, 'Brak wad', 4, 1.22, 1040.4, 1349.85, 'brąz', 1),
		(87, 8, '2019-04-26 12:50', 0, 'Zła grubośc, szerokość i masa', 10, 0.74, 1053.29, 789.24, 'cegła', 1),
		(88, 7, '2019-04-29 13:30', 0, 'Zła szerokość', 7, 1.24, 1056.92, 1402.91, 'brąz', 1),
		(89, 7, '2019-04-24 09:30', 0, 'Zła masa', 3, 0.72, 990.12, 790.1, 'cegła', 1),
		(90, 7, '2019-04-29 16:20', 0, 'Zła grubośc i szerokość', 3, 0.93, 1065.95, 949.07, 'wiśnia', 1),
		(91, 8, '2019-05-03 11:50', 1, 'Brak wad', 9, 1.24, 984.57, 1408.43, 'brąz', 1);

insert into OutsourcingType values('Gosp. odpadami');
insert into OutsourcingType values('Transport do klienta');
insert into OutsourcingType values('Reklama');

insert into Outsourcing values('1', 'Śmieciorex s.a.', '807412621', 'Śmieciorex@gmail.com', 'Poznań',
'02-144', 'Brudna', '123', '321', '7452145876','32165498', '');
insert into Outsourcing values('2', 'TirPower s.a.', '604215120', 'TirPower@gmail.com', 'Gdynia',
'04-741', 'Daleka', '84', '', '1202325489','10231512', '');
insert into Outsourcing values('3', 'Reda SA s.a.', '908741521', 'CleanHouse@gmail.com', 'Zamość',
'01-121', 'Toporna', '24', '1', '1203254158','102135157', '');

insert into OutsourcingCommitment values('1', '2019-07-31', '');
insert into OutsourcingCommitment values('2', '2019-08-30', '');
insert into OutsourcingCommitment values('3', '2019-06-30', '');
insert into OutsourcingCommitment values('1', '2019-03-12', '4000');
insert into OutsourcingCommitment values('2', '2019-04-02', '3500');
insert into OutsourcingCommitment values('2', '2019-03-31', '5000');
insert into OutsourcingCommitment values('3', '2019-11-30', '');

--production

 insert into PlannedProduction (IdDetail, IdMachine, PlannedStartd,PlannedEndd,Inproduction)
 values 
	(1, 2, '2019-01-10 10:11:10','2019-02-15 12:11:10','0'),
	(2, 2, '2019-02-16 15:31:10','2019-03-12 13:11:10','0'),
	(3, 1, '2019-03-10 10:41:10','2019-03-30 9:11:10','1'),
	(4, 1, '2019-03-31 10:21:10','2019-04-30 15:11:10','1'),
	(5, 3, '2019-04-30 7:15:10','2019-05-30 12:11:10','1'),
	(6, 3, '2019-05-15 10:55:10','2019-06-15 11:11:10','0'),
	(7, 2, '2019-08-15 8:22:10','2019-09-10 8:11:10','0'),
	(8, 4, '2019-08-15 10:12:10','2019-09-20 7:11:10','1'),
	(9, 1, '2019-08-15 14:15:10','2019-09-25 10:33:10','1'),
	(10, 3, '2019-08-15 10:41:10','2019-09-30 10:22:10','1');

insert into PlannedProductionEmployeeDetails (IdProces, IdEmployee, StartDate, EndDate)
 values
	(1,1, '2019-01-27 12:00:10', '2019-02-15 12:00:10'),
	(2,2, '2019-02-15 12:00:10', '2019-03-27 12:00:10'),
	(3,3, '2019-03-27 12:00:10', '2019-04-27 12:00:10'),
	(4,4, '2019-04-27 12:00:10', '2019-05-27 12:00:10'),
	(5,5, '2019-05-27 12:00:10', '2019-06-27 12:00:10'),
	(6,5, '2019-08-15 12:00:10', '2019-09-15 12:00:10'),
	(7,2, '2019-08-15 12:00:10', '2019-09-10 12:00:10'),
	(8,2, '2019-08-15 12:00:10', '2019-09-20 12:00:10'),
	(9,4, '2019-08-15 12:00:10', '2019-09-25 12:00:10'),
	(10,1, '2019-08-15 12:00:10','2019-09-30 12:00:10');

 insert into ProductionProcess(IdPlan, StartDate, EndDate)
 values  
	(1, '2019-02-23 12:00:10','2019-02-25 12:00:10'),
	(2, '2019-02-26 12:00:10','2019-03-23 12:00:10'),
	(3, '2019-03-15 12:00:10','2019-03-23 12:00:10'),
	(4, '2019-04-03 12:00:10','2019-04-10 12:00:10'),
	(5, '2019-04-12 12:00:10','2019-04-23 12:00:10'),
	(6, '2019-04-20 12:00:10', '2019-05-15 12:00:10'),
	(7, '2019-05-05 12:00:10', '2019-05-10 12:00:10'),
	(8, '2019-05-15 12:00:10', '2019-05-20 12:00:10'),
	(9, '2019-05-21 12:00:10', '2019-06-02 12:00:10'),
	(10, '2019-06-03 12:00:10','2019-06-10 12:00:10');

 insert into Failure(IdProces, Specification, FailureDate)
 values 
	(1,'Niesprawny układ zasilania','2019-02-23 12:00:10'),
	(2,'Pęknięty wspornik','2019-03-23 12:00:10'),
	(3,'Naruszona konstrukcja nośna','2019-04-23 12:00:10'),
	(4,'Uszkodzenie instalacji hydraulicznej','2019-05-23 12:00:10'),
	(5,'Urwane koło','2019-06-23 12:00:10');

insert into FailureMaintenance values (1, 2);

insert into OutControl (IdProcess, IdEmployee, StartControlDate, EndControlDate, LenghtAcceptableDeviation, WidthAcceptableDeviation)
values
	('1', '3', '2019-02-23 10:11:10', '2019-02-25 12:11:10', '2.2','2.3'),
	('2', '4', '2019-02-26 08:04:10', '2019-03-23 09:21:10', '1.2','1.3'),
	('3', '2', '2019-03-15 07:11:10', '2019-03-23 12:43:10', '1.2','1.3'),
	('4', '5', '2019-04-03 11:11:10', '2019-04-10 18:15:10', '1.2','1.4'),
	('5', '3', '2019-04-12 12:11:10', '2019-04-23 20:31:10', '1.2','1.3'),
	('6', '6', '2019-04-20 10:11:10', '2019-05-15 12:31:10', '1.3','1.2'),
	('7', '7', '2019-05-05 10:11:10', '2019-05-10 17:21:10', '1.2','1.4'),
	('8', '8', '2019-05-15 10:11:10', '2019-05-20 15:33:10', '1.2','1.3'),
	('9', '4', '2019-05-21 10:11:10', '2019-06-02 12:44:10', '1.4','1.3');

insert into OutputProductMeasurements(IdMeasurement, IdProcess, MeasuredLenght, MeasuredWidth)
values
	('1', '1', '4941.97', '795.96'),
	('2', '1', '5012.61', '802.36'),
	('3', '1', '4982.76', '804.22'),
	('4', '1', '4941.90', '806.25'),
	('5', '1', '4941.45', '799.16'),
	('6', '1', '4986.32', '811.98'),
	('7', '1', '5051.11', '793.39'),
	('8', '1', '5094.12', '808.26'),
	('9', '1', '5002.77', '814.69'),
	('10', '1', '5016.18', '807.23'),
	('11', '1', '5104.41', '794.16'),
	('12', '1', '4961.59', '798.28'),
	('13', '1', '5092.71', '791.99'),
	('14', '1', '5091.14', '803.42'),
	('15', '1', '5065.69', '816.23'),
	('16', '1', '5091.62', '812.43'),
	('17', '1', '5085.67', '803.76'),
	('18', '1', '5058.13', '804.91'),
	('19', '1', '4966.28', '814.65'),
	('20', '1', '5018.04', '793.53'),
	('21', '1', '5078.21', '800.53'),
	('22', '1', '5103.89', '816.91'),
	('23', '1', '5100.74', '805.18'),
	('24', '1', '5041.10', '812.19'),
	('25', '1', '4987.47', '808.59'),
	('26', '1', '5008.67', '811.29'),
	('27', '1', '5068.32', '815.12'),
	('28', '1', '4950.07', '816.99'),
	('29', '1', '5057.11', '815.13'),
	('30', '1', '5047.78', '806.34'),
	('31', '1', '4960.98', '791.63'),
	('32', '1', '4992.15', '796.49'),
	('33', '1', '5079.27', '806.66'),
	('34', '1', '4967.89', '800.36'),
	('35', '1', '4997.69', '791.56'),
	('36', '1', '5093.02', '806.16'),
	('37', '1', '5049.79', '807.04'),
	('38', '1', '5061.09', '802.95'),
	('39', '1', '4969.75', '805.32'),
	('40', '1', '5090.70', '810.23'),
	('41', '1', '5055.13', '816.63'),
	('42', '1', '4995.19', '814.50'),
	('43', '1', '4971.66', '810.48'),
	('44', '1', '5068.40', '805.71'),
	('45', '1', '5091.48', '790.76'),
	('46', '1', '4949.04', '799.46'),
	('47', '1', '5030.83', '793.48'),
	('48', '1', '5048.40', '804.01'),
	('49', '1', '5049.47', '790.24'),
	('50', '1', '4988.66', '807.00'),
	('51', '1', '5043.00', '817.59'),
	('52', '1', '4956.59', '814.39'),
	('53', '1', '5031.66', '793.37'),
	('54', '1', '4977.35', '793.12'),
	('55', '1', '4966.36', '805.90'),
	('56', '1', '5050.84', '792.88'),
	('57', '1', '4983.39', '795.85'),
	('58', '1', '5029.69', '799.12'),
	('59', '1', '4962.42', '793.49'),
	('60', '1', '5064.13', '805.84'),
	('61', '1', '5061.66', '800.52'),
	('62', '1', '5094.55', '812.19'),
	('63', '1', '5033.60', '813.94'),
	('64', '1', '5048.55', '791.29'),
	('65', '1', '5041.78', '797.07'),
	('66', '1', '5106.21', '799.63'),
	('67', '1', '4996.87', '815.68'),
	('68', '1', '4974.87', '798.82'),
	('69', '1', '5020.62', '794.12'),
	('70', '1', '5098.39', '791.03'),
	('71', '1', '5030.66', '792.52'),
	('72', '1', '5023.99', '805.01'),
	('73', '1', '4980.56', '791.35'),
	('74', '1', '4948.28', '798.24'),
	('75', '1', '5076.00', '811.76'),
	('76', '1', '5095.73', '807.78'),
	('77', '1', '5053.69', '815.76'),
	('78', '1', '5032.65', '793.72'),
	('79', '1', '5099.25', '794.05'),
	('80', '1', '4993.36', '807.38'),
	('81', '1', '5060.13', '808.33'),
	('82', '1', '4960.51', '801.14'),
	('83', '1', '5010.76', '794.17'),
	('84', '1', '4948.86', '814.76'),
	('85', '1', '5108.50', '805.68'),
	('86', '1', '4988.02', '814.12'),
	('87', '1', '5028.63', '800.96'),
	('88', '1', '5008.35', '809.39'),
	('89', '1', '4955.47', '790.71'),
	('90', '1', '5063.92', '799.60'),
	('91', '1', '5010.24', '805.16'),
	('92', '1', '5007.60', '805.42'),
	('93', '1', '4943.74', '815.50'),
	('94', '1', '5106.01', '806.15'),
	('95', '1', '5079.71', '801.76'),
	('96', '1', '5075.15', '816.26'),
	('97', '1', '4951.60', '801.65'),
	('98', '1', '4953.18', '795.16'),
	('99', '1', '4977.38', '814.90'),
	('100', '1', '4996.76', '755.03'),
	('101', '1', '4993.76', '797.03'),
	('102', '2', '5013.98', '800.17'),
	('103', '2', '5044.16', '806.06'),
	('104', '2', '5047.76', '801.41'),
	('105', '2', '5053.77', '808.12'),
	('106', '2', '5037.84', '805.54'),
	('107', '2', '5008.02', '804.72'),
	('108', '2', '5000.81', '804.52'),
	('109', '2', '5001.21', '790.2'),
	('110', '2', '5024.14', '789.97'),
	('111', '2', '5044.55', '794.81'),
	('112', '2', '4963.02', '794.11'),
	('113', '2', '5036.94', '806.78'),
	('114', '2', '5041.53', '801.38'),
	('115', '2', '5017.35', '800.54'),
	('116', '2', '5000.36', '789.3'),
	('117', '2', '4946.37', '799.11'),
	('118', '2', '5016.85', '801.33'),
	('119', '2', '5060.88', '795.46'),
	('120', '2', '5011.1', '788.91'),
	('121', '2', '5002.53', '809.31'),
	('122', '2', '4996.68', '802.91'),
	('123', '2', '5030.66', '803.49'),
	('124', '2', '5008.33', '807.03'),
	('125', '2', '5049.76', '789.8'),
	('126', '2', '5010.57', '810.34'),
	('127', '2', '5009.0', '795.56'),
	('128', '2', '4970.69', '804.06'),
	('129', '2', '4993.35', '805.97'),
	('130', '2', '5063.32', '797.96'),
	('131', '2', '5033.37', '799.36'),
	('132', '2', '4982.7', '797.1'),
	('133', '2', '5028.36', '807.69'),
	('134', '2', '5058.13', '796.78'),
	('135', '2', '4936.04', '797.22'),
	('136', '2', '4948.39', '810.38'),
	('137', '2', '4947.95', '794.3'),
	('138', '2', '4997.61', '807.39'),
	('139', '2', '4942.93', '800.86'),
	('140', '2', '5037.52', '796.23'),
	('141', '2', '4992.26', '803.41'),
	('142', '2', '4955.32', '804.75'),
	('143', '2', '4988.62', '800.13'),
	('144', '2', '5054.37', '807.8'),
	('145', '2', '4944.91', '794.54'),
	('146', '2', '5008.02', '796.96'),
	('147', '2', '5061.76', '809.89'),
	('148', '2', '5009.26', '803.12'),
	('149', '2', '5013.44', '798.99'),
	('150', '2', '4950.48', '792.62'),
	('151', '2', '5064.14', '790.68'),
	('152', '2', '4999.33', '811.07'),
	('153', '2', '4979.3', '795.01'),
	('154', '2', '5007.17', '799.37'),
	('155', '2', '5048.33', '805.78'),
	('156', '2', '4991.53', '792.78'),
	('157', '2', '4952.17', '802.58'),
	('158', '2', '4965.37', '793.69'),
	('159', '2', '5024.61', '805.1'),
	('160', '2', '5044.79', '800.2'),
	('161', '2', '4958.6', '790.2'),
	('162', '2', '4950.89', '798.48'),
	('163', '2', '4958.37', '795.68'),
	('164', '2', '4958.68', '801.46'),
	('165', '2', '5033.23', '801.35'),
	('166', '2', '4988.71', '789.81'),
	('167', '2', '5028.12', '793.49'),
	('168', '2', '5030.87', '804.21'),
	('169', '2', '5057.71', '794.3'),
	('170', '2', '5035.88', '799.9'),
	('171', '2', '4934.87', '794.1'),
	('172', '2', '4987.27', '801.62'),
	('173', '2', '4973.97', '804.78'),
	('174', '2', '4985.73', '789.3'),
	('175', '2', '4987.43', '791.04'),
	('176', '2', '4961.3', '799.83'),
	('177', '2', '5019.75', '805.53'),
	('178', '2', '4950.53', '799.11'),
	('179', '2', '5038.21', '791.09'),
	('180', '2', '5019.72', '808.29'),
	('181', '2', '4958.98', '804.56'),
	('182', '2', '4962.51', '791.2'),
	('183', '2', '4973.71', '809.87'),
	('184', '2', '4967.33', '808.24'),
	('185', '2', '4993.37', '807.5'),
	('186', '2', '4964.55', '802.98'),
	('187', '2', '4960.04', '791.76'),
	('188', '2', '4957.77', '803.03'),
	('189', '2', '4969.69', '793.39'),
	('190', '2', '5016.93', '807.75'),
	('191', '2', '4988.58', '791.42'),
	('192', '2', '4978.34', '799.72'),
	('193', '2', '4968.93', '799.12'),
	('194', '2', '5035.35', '807.06'),
	('195', '2', '5032.66', '790.42'),
	('196', '2', '5036.54', '807.5'),
	('197', '2', '5024.06', '801.28'),
	('198', '2', '5041.75', '805.44'),
	('199', '2', '4995.29', '793.39'),
	('200', '2', '4970.09', '795.34'),
	('201', '2', '5012.38', '802.04'),
	('202', '2', '4934.87', '792.11'),
	('203', '2', '5042.95', '801.18'),
	('204', '2', '5017.76', '788.97'),
	('205', '2', '4985.45', '799.51'),
	('206', '2', '5013.29', '805.61'),
	('207', '2', '5022.74', '792.4'),
	('208', '2', '5038.74', '804.81'),
	('209', '2', '5016.86', '793.64'),
	('210', '2', '5025.36', '799.29'),
	('211', '2', '5055.8', '807.28'),
	('212', '2', '5007.5', '793.03'),
	('213', '2', '5050.25', '792.93'),
	('214', '2', '4941.63', '809.97'),
	('215', '2', '5048.78', '808.1'),
	('216', '2', '5060.81', '799.3'),
	('217', '2', '4968.81', '804.23'),
	('218', '2', '4972.21', '804.38'),
	('219', '2', '4956.9', '794.74'),
	('220', '2', '4998.69', '803.23'),
	('221', '2', '5028.49', '790.5'),
	('222', '2', '5047.22', '790.29'),
	('223', '2', '4976.17', '802.71'),
	('224', '2', '5021.64', '797.13'),
	('225', '2', '4993.42', '794.79'),
	('226', '2', '4994.36', '806.41'),
	('227', '2', '4981.81', '798.94'),
	('228', '2', '4973.63', '797.27'),
	('229', '2', '4958.19', '806.16'),
	('230', '2', '5062.65', '794.02'),
	('231', '2', '5031.37', '797.43'),
	('232', '2', '5060.72', '805.2'),
	('233', '2', '4975.77', '803.91'),
	('234', '2', '4954.52', '794.49'),
	('235', '2', '5054.42', '807.92'),
	('236', '2', '4959.29', '809.44'),
	('237', '2', '4997.46', '804.29'),
	('238', '2', '4968.81', '800.1'),
	('239', '2', '4938.22', '804.21'),
	('240', '2', '4951.58', '807.13'),
	('241', '2', '5041.33', '793.5'),
	('242', '2', '5033.78', '804.99'),
	('243', '2', '5060.43', '790.81'),
	('244', '2', '4940.5', '809.68'),
	('245', '2', '4989.54', '805.7'),
	('246', '2', '5048.14', '797.48'),
	('247', '2', '5043.73', '800.71'),
	('248', '2', '5064.49', '794.94'),
	('249', '2', '4950.17', '805.11'),
	('250', '2', '5047.08', '796.32'),
	('251', '2', '5059.86', '800.66'),
	('252', '2', '5044.35', '793.21'),
	('253', '2', '5031.51', '799.2'),
	('254', '2', '5042.49', '794.35'),
	('255', '2', '5046.57', '806.4'),
	('256', '2', '4949.15', '808.09'),
	('257', '2', '5059.44', '806.21'),
	('258', '2', '5034.13', '796.18'),
	('259', '2', '4994.05', '793.29'),
	('260', '2', '5026.25', '809.28'),
	('261', '2', '4977.22', '790.56'),
	('262', '2', '4944.87', '795.98'),
	('263', '2', '4986.52', '798.96'),
	('264', '2', '4938.82', '790.34'),
	('265', '2', '5022.86', '796.09'),
	('266', '2', '5061.86', '803.59'),
	('267', '2', '5028.33', '807.17'),
	('268', '2', '4983.28', '804.44'),
	('269', '2', '5030.68', '789.1'),
	('270', '2', '5042.87', '807.93'),
	('271', '2', '5037.77', '791.39'),
	('272', '2', '4982.21', '788.98'),
	('273', '2', '4995.46', '798.68'),
	('274', '2', '5026.61', '806.93'),
	('275', '2', '4983.4', '794.68'),
	('276', '2', '4979.67', '790.18'),
	('277', '2', '4981.5', '789.22'),
	('278', '2', '4985.99', '797.02'),
	('279', '2', '5015.34', '799.65'),
	('280', '2', '5006.03', '795.51'),
	('281', '2', '4954.93', '795.91'),
	('282', '2', '5029.3', '810.64'),
	('283', '2', '5000.46', '810.68'),
	('284', '2', '4935.28', '808.11'),
	('285', '2', '4944.95', '793.86'),
	('286', '2', '5029.78', '810.2'),
	('287', '2', '4947.95', '795.47'),
	('288', '2', '4937.98', '789.11'),
	('289', '2', '4936.74', '792.34'),
	('290', '2', '5007.15', '802.44'),
	('291', '2', '5057.25', '797.1'),
	('292', '2', '5059.54', '796.85'),
	('293', '2', '5062.2', '801.52'),
	('294', '2', '5007.81', '796.07'),
	('295', '2', '4951.72', '796.69'),
	('296', '2', '4950.38', '796.92'),
	('297', '2', '4955.04', '793.25'),
	('298', '2', '5030.64', '802.36'),
	('299', '2', '5002.75', '790.41'),
	('300', '2', '4977.75', '793.65'),
	('301', '2', '5016.59', '809.32'),
	('302', '2', '5010.3', '801.75'),
	('303', '2', '4947.37', '798.14'),
	('304', '2', '5043.01', '801.25'),
	('305', '2', '4951.78', '794.79'),
	('306', '2', '4984.46', '800.62'),
	('307', '2', '4994.34', '793.78'),
	('308', '2', '5018.6', '801.52'),
	('309', '2', '5011.17', '790.82'),
	('310', '2', '4980.18', '795.72'),
	('311', '2', '5032.51', '790.86'),
	('312', '2', '4993.99', '799.06'),
	('313', '2', '5027.32', '801.19'),
	('314', '2', '4980.68', '797.11'),
	('315', '2', '4977.26', '803.21'),
	('316', '2', '5063.67', '810.7'),
	('317', '2', '4980.49', '800.24'),
	('318', '2', '4989.77', '798.8'),
	('319', '2', '4996.09', '810.1'),
	('320', '2', '4971.77', '790.43'),
	('321', '2', '4942.45', '796.17'),
	('322', '2', '4940.02', '790.91'),
	('323', '2', '4987.51', '796.98'),
	('324', '2', '4958.65', '805.08'),
	('325', '2', '4987.93', '810.8'),
	('326', '2', '4940.64', '790.9'),
	('327', '2', '5046.11', '805.38'),
	('328', '2', '4945.95', '801.51'),
	('329', '2', '4936.03', '804.34'),
	('330', '2', '5044.74', '797.37'),
	('331', '3', '4982.47', '790.22'),
	('332', '3', '4944.35', '797.51'),
	('333', '3', '4967.79', '800.65'),
	('334', '3', '5052.21', '808.44'),
	('335', '3', '5025.73', '810.86'),
	('336', '3', '4953.69', '794.21'),
	('337', '3', '5039.34', '809.44'),
	('338', '3', '5025.2', '805.14'),
	('339', '3', '4968.16', '794.05'),
	('340', '3', '5049.74', '791.54'),
	('341', '3', '4966.6', '795.22'),
	('342', '3', '5035.59', '792.99'),
	('343', '3', '5058.89', '804.22'),
	('344', '3', '5059.55', '801.45'),
	('345', '3', '4997.04', '807.06'),
	('346', '3', '4947.42', '811.06'),
	('347', '3', '5020.33', '792.17'),
	('348', '3', '5017.3', '810.78'),
	('349', '3', '4935.03', '811.12'),
	('350', '3', '4942.2', '801.38'),
	('351', '3', '4942.25', '808.01'),
	('352', '3', '4964.05', '807.66'),
	('353', '3', '5008.29', '804.08'),
	('354', '3', '5027.32', '794.89'),
	('355', '3', '4948.22', '800.51'),
	('356', '3', '4991.68', '801.36'),
	('357', '3', '5058.08', '794.28'),
	('358', '3', '5025.26', '797.29'),
	('359', '3', '4948.41', '796.35'),
	('360', '3', '4938.61', '795.55'),
	('361', '3', '4985.81', '809.05'),
	('362', '3', '4958.17', '795.12'),
	('363', '3', '5048.09', '799.49'),
	('364', '3', '4975.52', '791.29'),
	('365', '3', '4972.12', '805.53'),
	('366', '3', '4961.88', '797.25'),
	('367', '3', '5049.06', '792.15'),
	('368', '3', '4975.22', '798.04'),
	('369', '3', '5047.36', '809.89'),
	('370', '3', '5047.43', '810.28'),
	('371', '3', '5023.17', '795.89'),
	('372', '3', '5008.93', '806.8'),
	('373', '3', '5044.08', '806.13'),
	('374', '3', '5050.7', '795.21'),
	('375', '3', '5036.98', '810.0'),
	('376', '3', '5039.34', '797.93'),
	('377', '3', '4957.42', '792.88'),
	('378', '3', '5064.67', '791.99'),
	('379', '3', '5053.75', '808.39'),
	('380', '3', '5006.07', '792.42'),
	('381', '3', '4980.21', '792.04'),
	('382', '3', '4999.98', '795.33'),
	('383', '3', '5034.1', '789.37'),
	('384', '3', '5029.25', '807.64'),
	('385', '3', '4960.64', '796.04'),
	('386', '3', '4996.16', '797.16'),
	('387', '3', '5059.87', '791.72'),
	('388', '3', '4972.62', '789.39'),
	('389', '3', '4982.18', '810.17'),
	('390', '3', '4943.5', '805.69'),
	('391', '3', '4988.91', '797.59'),
	('392', '3', '5043.68', '798.56'),
	('393', '3', '4980.66', '805.79'),
	('394', '3', '4992.16', '803.92'),
	('395', '3', '4967.36', '801.55'),
	('396', '3', '5001.67', '807.33'),
	('397', '3', '4980.15', '806.58'),
	('398', '3', '4972.66', '807.85'),
	('399', '3', '5000.17', '789.16'),
	('400', '3', '4940.93', '789.67'),
	('401', '3', '4994.75', '806.77'),
	('402', '3', '5040.1', '793.91'),
	('403', '3', '5010.24', '799.39'),
	('404', '3', '4999.59', '805.64'),
	('405', '3', '5042.43', '796.57'),
	('406', '3', '4956.86', '795.52'),
	('407', '3', '5015.12', '805.99'),
	('408', '3', '4959.03', '789.76'),
	('409', '3', '5004.76', '802.73'),
	('410', '3', '5028.69', '790.21'),
	('411', '3', '4944.0', '793.32'),
	('412', '3', '4939.28', '807.61'),
	('413', '3', '5014.32', '799.24'),
	('414', '3', '5030.86', '800.57'),
	('415', '3', '4974.97', '807.6'),
	('416', '3', '4961.69', '806.38'),
	('417', '3', '4971.85', '809.11'),
	('418', '3', '5034.17', '803.51'),
	('419', '3', '4939.09', '804.19'),
	('420', '3', '5000.91', '797.54'),
	('421', '3', '4984.66', '800.89'),
	('422', '3', '5060.13', '810.99'),
	('423', '3', '5017.77', '805.26'),
	('424', '3', '4995.31', '798.02'),
	('425', '3', '5046.53', '810.15'),
	('426', '3', '5025.92', '809.7'),
	('427', '3', '5054.01', '801.87'),
	('428', '3', '4936.2', '810.76'),
	('429', '3', '4981.52', '801.15'),
	('430', '3', '4984.12', '808.1'),
	('431', '3', '4991.19', '794.49'),
	('432', '3', '5029.13', '799.51'),
	('433', '3', '5046.97', '805.16'),
	('434', '3', '5011.18', '803.2'),
	('435', '3', '5051.26', '804.96'),
	('436', '3', '5008.61', '792.07'),
	('437', '3', '5007.69', '800.17'),
	('438', '3', '4994.14', '807.82'),
	('439', '3', '5009.7', '791.18'),
	('440', '3', '5046.34', '797.06'),
	('441', '3', '4959.59', '796.93'),
	('442', '3', '5037.34', '798.97'),
	('443', '3', '5015.43', '804.5'),
	('444', '3', '4947.9', '801.96'),
	('445', '3', '4956.87', '793.76'),
	('446', '3', '5005.22', '805.27'),
	('447', '3', '4978.19', '799.95'),
	('448', '3', '5035.01', '801.08'),
	('449', '3', '4988.23', '804.91'),
	('450', '3', '4998.49', '795.69'),
	('451', '3', '5056.82', '799.44'),
	('452', '3', '5058.04', '805.3'),
	('453', '3', '5021.59', '790.62'),
	('454', '3', '5049.02', '791.51'),
	('455', '3', '4937.38', '797.97'),
	('456', '3', '4981.41', '795.67'),
	('457', '3', '5005.6', '801.44'),
	('458', '3', '4989.26', '806.56'),
	('459', '3', '5051.66', '804.73'),
	('460', '3', '4959.87', '792.45'),
	('461', '3', '5046.5', '793.13'),
	('462', '3', '4976.79', '808.05'),
	('463', '3', '4978.64', '804.65'),
	('464', '3', '4976.27', '803.62'),
	('465', '3', '5020.12', '805.26'),
	('466', '3', '4988.39', '805.62'),
	('467', '3', '4953.78', '803.54'),
	('468', '3', '5004.37', '795.47'),
	('469', '3', '5044.97', '808.16'),
	('470', '3', '5054.42', '791.98'),
	('471', '3', '5015.68', '799.53'),
	('472', '3', '4947.42', '807.36'),
	('473', '3', '4957.98', '796.29'),
	('474', '3', '5006.26', '808.6'),
	('475', '3', '4955.63', '798.42'),
	('476', '3', '4977.92', '798.49'),
	('477', '3', '5045.66', '802.93'),
	('478', '3', '4985.9', '797.61'),
	('479', '3', '4949.99', '797.65'),
	('480', '3', '4959.53', '798.27'),
	('481', '3', '4972.22', '790.24'),
	('482', '3', '5039.52', '804.94'),
	('483', '3', '4996.89', '796.49'),
	('484', '3', '4982.25', '804.45'),
	('485', '3', '5035.68', '804.74'),
	('486', '3', '5007.29', '809.03'),
	('487', '3', '4969.04', '802.4'),
	('488', '3', '5023.0', '795.01'),
	('489', '3', '4954.55', '805.58'),
	('490', '3', '5014.26', '794.12'),
	('491', '3', '5053.78', '790.35'),
	('492', '3', '4999.88', '800.65'),
	('493', '3', '4958.38', '804.16'),
	('494', '3', '5005.11', '803.77'),
	('495', '3', '5020.91', '791.96'),
	('496', '4', '5028.37', '806.73'),
	('497', '4', '5036.87', '799.4'),
	('498', '4', '4974.24', '795.53'),
	('499', '4', '4976.87', '801.36'),
	('500', '4', '4966.72', '809.65'),
	('501', '4', '4997.13', '797.03'),
	('502', '4', '5061.8', '797.37'),
	('503', '4', '5040.98', '804.91'),
	('504', '4', '4948.12', '793.51'),
	('505', '4', '4984.2', '792.61'),
	('506', '4', '5029.47', '802.5'),
	('507', '4', '5016.61', '793.98'),
	('508', '4', '4993.71', '803.66'),
	('509', '4', '5048.32', '794.29'),
	('510', '4', '4944.05', '800.98'),
	('511', '4', '4987.75', '791.98'),
	('512', '4', '5020.83', '808.69'),
	('513', '4', '4954.06', '796.0'),
	('514', '4', '5018.32', '792.39'),
	('515', '4', '4940.2', '807.18'),
	('516', '4', '5020.92', '811.9'),
	('517', '4', '5054.08', '797.38'),
	('518', '4', '5039.54', '810.81'),
	('519', '4', '4972.36', '810.53'),
	('520', '4', '5065.08', '809.78'),
	('521', '4', '5019.57', '801.52'),
	('522', '4', '5046.56', '799.5'),
	('523', '4', '4994.45', '807.75'),
	('524', '4', '5038.41', '806.82'),
	('525', '4', '4994.37', '801.31'),
	('526', '4', '4936.61', '801.53'),
	('527', '4', '5022.59', '792.59'),
	('528', '4', '5060.68', '805.47'),
	('529', '4', '5001.02', '796.15'),
	('530', '4', '4949.82', '808.22'),
	('531', '4', '5005.0', '794.72'),
	('532', '4', '5028.58', '788.16'),
	('533', '4', '4985.83', '809.68'),
	('534', '4', '4948.87', '791.61'),
	('535', '4', '5035.66', '802.31'),
	('536', '4', '4990.67', '789.89'),
	('537', '4', '4964.17', '807.82'),
	('538', '4', '5059.3', '800.04'),
	('539', '4', '4974.89', '802.41'),
	('540', '4', '4981.37', '811.51'),
	('541', '4', '4959.3', '795.32'),
	('542', '4', '5062.67', '807.93'),
	('543', '4', '5015.74', '811.93'),
	('544', '4', '4948.01', '799.06'),
	('545', '4', '4952.45', '795.64'),
	('546', '4', '5057.31', '801.69'),
	('547', '4', '4970.9', '801.44'),
	('548', '4', '5002.09', '800.74'),
	('549', '4', '5028.47', '795.64'),
	('550', '4', '5007.07', '794.45'),
	('551', '4', '5019.67', '797.51'),
	('552', '4', '4970.57', '798.79'),
	('553', '4', '4991.13', '793.29'),
	('554', '4', '5038.78', '802.21'),
	('555', '4', '5002.44', '807.06'),
	('556', '4', '4959.97', '796.5'),
	('557', '4', '4935.49', '802.23'),
	('558', '4', '5002.63', '791.84'),
	('559', '4', '4998.92', '790.96'),
	('560', '4', '4956.04', '803.87'),
	('561', '4', '5054.11', '793.44'),
	('562', '4', '4995.32', '802.65'),
	('563', '4', '5028.85', '799.18'),
	('564', '4', '4994.38', '790.21'),
	('565', '4', '5049.26', '792.77'),
	('566', '4', '5006.26', '795.57'),
	('567', '4', '5016.04', '795.88'),
	('568', '4', '5045.22', '800.92'),
	('569', '4', '5046.32', '800.94'),
	('570', '4', '5022.89', '809.3'),
	('571', '4', '4988.84', '805.02'),
	('572', '4', '5018.19', '789.5'),
	('573', '4', '4971.91', '801.77'),
	('574', '4', '5059.66', '789.35'),
	('575', '4', '5043.55', '792.46'),
	('576', '4', '5055.97', '796.87'),
	('577', '4', '4943.51', '810.62'),
	('578', '4', '5012.21', '811.03'),
	('579', '4', '4937.36', '803.55'),
	('580', '4', '5001.18', '810.33'),
	('581', '4', '5029.24', '803.37'),
	('582', '4', '5060.45', '807.26'),
	('583', '4', '5027.68', '795.49'),
	('584', '4', '4995.58', '792.73'),
	('585', '4', '5024.17', '803.72'),
	('586', '4', '5004.27', '811.49'),
	('587', '4', '4978.64', '804.11'),
	('588', '5', '4946.55', '808.06'),
	('589', '5', '4985.09', '792.5'),
	('590', '5', '4939.32', '803.06'),
	('591', '5', '5030.94', '808.0'),
	('592', '5', '5052.26', '797.54'),
	('593', '5', '4944.05', '795.48'),
	('594', '5', '5033.63', '802.05'),
	('595', '5', '4987.88', '805.74'),
	('596', '5', '4950.35', '797.01'),
	('597', '5', '4941.35', '790.41'),
	('598', '5', '4950.13', '794.4'),
	('599', '5', '4982.48', '797.44'),
	('600', '5', '4991.78', '800.21'),
	('601', '5', '5045.61', '790.21'),
	('602', '5', '4994.62', '811.0'),
	('603', '5', '4973.51', '794.9'),
	('604', '5', '4960.39', '808.36'),
	('605', '5', '5029.49', '788.89'),
	('606', '5', '5017.32', '803.01'),
	('607', '5', '4980.44', '794.51'),
	('608', '5', '4966.92', '807.99'),
	('609', '5', '4964.48', '795.69'),
	('610', '5', '5005.17', '801.58'),
	('611', '5', '4973.57', '804.85'),
	('612', '5', '4967.56', '797.36'),
	('613', '5', '5042.64', '809.19'),
	('614', '5', '5014.14', '806.27'),
	('615', '5', '4964.1', '806.94'),
	('616', '5', '5039.3', '810.25'),
	('617', '5', '4984.42', '801.6'),
	('618', '5', '4952.02', '803.98'),
	('619', '5', '5060.79', '806.85'),
	('620', '5', '4949.04', '792.55'),
	('621', '5', '5015.2', '805.21'),
	('622', '5', '4973.36', '790.06'),
	('623', '5', '4953.0', '801.56'),
	('624', '5', '4979.24', '800.95'),
	('625', '5', '4962.72', '810.11'),
	('626', '5', '5054.44', '802.79'),
	('627', '5', '4944.6', '806.97'),
	('628', '5', '4990.13', '809.41'),
	('629', '5', '4948.52', '799.87'),
	('630', '5', '4951.65', '804.12'),
	('631', '6', '4946.5', '803.58'),
	('632', '6', '5027.3', '799.5'),
	('633', '6', '5054.65', '791.08'),
	('634', '6', '5054.03', '792.49'),
	('635', '6', '5016.79', '806.02'),
	('636', '6', '5026.3', '802.18'),
	('637', '6', '4962.19', '803.4'),
	('638', '6', '4974.3', '789.92'),
	('639', '6', '5000.12', '793.86'),
	('640', '6', '4930.42', '799.79'),
	('641', '6', '5012.02', '809.13'),
	('642', '6', '5063.12', '790.99'),
	('643', '6', '4985.98', '806.91'),
	('644', '6', '5007.42', '799.1'),
	('645', '6', '4995.06', '796.74'),
	('646', '6', '5004.86', '792.91'),
	('647', '6', '5011.01', '807.8'),
	('648', '6', '4941.58', '789.91'),
	('649', '6', '4937.6', '809.57'),
	('650', '6', '4987.89', '799.13'),
	('651', '6', '5047.68', '794.03'),
	('652', '6', '5018.74', '796.53'),
	('653', '6', '5054.98', '805.02'),
	('654', '6', '5019.81', '796.26'),
	('655', '6', '5026.65', '799.51'),
	('656', '6', '4990.37', '797.09'),
	('657', '6', '5044.76', '790.18'),
	('658', '6', '5010.63', '805.32'),
	('659', '6', '4941.21', '798.69'),
	('660', '6', '5029.94', '792.95'),
	('661', '6', '4984.75', '793.13'),
	('662', '6', '5012.84', '793.5'),
	('663', '6', '4949.28', '796.4'),
	('664', '6', '5040.89', '800.82'),
	('665', '6', '4972.92', '807.62'),
	('666', '6', '4955.56', '791.6'),
	('667', '6', '4963.99', '794.99'),
	('668', '6', '5013.14', '804.06'),
	('669', '6', '5050.37', '792.36'),
	('670', '6', '5049.02', '802.68'),
	('671', '6', '4984.38', '790.35'),
	('672', '6', '4969.8', '809.12'),
	('673', '6', '4942.98', '803.65'),
	('674', '6', '5000.24', '808.33'),
	('675', '6', '4951.83', '808.79'),
	('676', '6', '5000.64', '791.72'),
	('677', '6', '5053.5', '794.86'),
	('678', '6', '4952.7', '800.34'),
	('679', '6', '4969.2', '799.29'),
	('680', '6', '5006.25', '809.47'),
	('681', '6', '5010.48', '796.33'),
	('682', '6', '5017.94', '806.04'),
	('683', '6', '4977.3', '809.31'),
	('684', '6', '5010.72', '800.96'),
	('685', '6', '5008.14', '800.91'),
	('686', '6', '5048.8', '807.05'),
	('687', '6', '5040.17', '800.5'),
	('688', '6', '4997.33', '807.58'),
	('689', '6', '5051.34', '790.85'),
	('690', '6', '4943.5', '805.76'),
	('691', '6', '4968.99', '809.39'),
	('692', '6', '4966.25', '795.6'),
	('693', '6', '5048.75', '792.94'),
	('694', '6', '5065.04', '798.11'),
	('695', '6', '5025.22', '807.43'),
	('696', '7', '4936.41', '797.74'),
	('697', '7', '5056.05', '790.65'),
	('698', '7', '5036.35', '808.61'),
	('699', '7', '5040.9', '794.44'),
	('700', '7', '5041.76', '804.07'),
	('701', '7', '4949.4', '800.12'),
	('702', '7', '4946.13', '794.1'),
	('703', '7', '4946.58', '799.5'),
	('704', '7', '5055.01', '798.01'),
	('705', '7', '4993.56', '795.22'),
	('706', '7', '5057.83', '788.49'),
	('707', '7', '5059.12', '800.14'),
	('708', '7', '5001.28', '797.71'),
	('709', '7', '5018.55', '796.66'),
	('710', '7', '4937.2', '788.47'),
	('711', '7', '5053.14', '788.75'),
	('712', '7', '5032.28', '794.89'),
	('713', '7', '5001.13', '794.16'),
	('714', '7', '4961.89', '810.5'),
	('715', '7', '5063.12', '811.17'),
	('716', '7', '5024.99', '809.45'),
	('717', '7', '4973.97', '796.84'),
	('718', '7', '4962.15', '811.4'),
	('719', '7', '5056.69', '795.39'),
	('720', '7', '4984.43', '797.65'),
	('721', '7', '5042.78', '805.27'),
	('722', '7', '5057.82', '795.85'),
	('723', '7', '4934.7', '790.37'),
	('724', '7', '4963.48', '795.17'),
	('725', '7', '5047.13', '811.48'),
	('726', '7', '4993.53', '789.55'),
	('727', '7', '5018.56', '796.56'),
	('728', '7', '4968.85', '794.12'),
	('729', '7', '5025.53', '807.14'),
	('730', '7', '4949.99', '789.26'),
	('731', '7', '5045.23', '791.87'),
	('732', '7', '5023.75', '795.69'),
	('733', '7', '5057.56', '802.11'),
	('734', '7', '5023.7', '790.67'),
	('735', '7', '5050.87', '808.36'),
	('736', '7', '5010.99', '794.75'),
	('737', '7', '5043.97', '799.59'),
	('738', '7', '5055.96', '799.02'),
	('739', '7', '4936.31', '806.19'),
	('740', '7', '4999.25', '796.87'),
	('741', '7', '5004.92', '795.04'),
	('742', '7', '4949.14', '793.78'),
	('743', '7', '4951.62', '788.21'),
	('744', '7', '4992.48', '808.09'),
	('745', '7', '5050.32', '794.5'),
	('746', '7', '5052.93', '792.94'),
	('747', '7', '4989.32', '810.25'),
	('748', '7', '5001.73', '791.2'),
	('749', '7', '5033.57', '789.89'),
	('750', '7', '4958.06', '799.02'),
	('751', '7', '5045.53', '795.32'),
	('752', '7', '5034.49', '788.62'),
	('753', '7', '4949.5', '801.24'),
	('754', '7', '5008.13', '792.41'),
	('755', '7', '5023.95', '799.9'),
	('756', '7', '4939.9', '807.66'),
	('757', '7', '4951.6', '803.1'),
	('758', '7', '4974.1', '803.89'),
	('759', '7', '4945.94', '791.24'),
	('760', '7', '5041.6', '790.22'),
	('761', '7', '4941.32', '811.16'),
	('762', '7', '4956.01', '795.5'),
	('763', '7', '4952.12', '793.94'),
	('764', '7', '4963.37', '801.38'),
	('765', '7', '5042.95', '793.95'),
	('766', '7', '5037.53', '793.9'),
	('767', '7', '4940.73', '802.31'),
	('768', '7', '5038.74', '805.39'),
	('769', '7', '5014.8', '793.21'),
	('770', '7', '4939.49', '807.78'),
	('771', '7', '4952.68', '793.21'),
	('772', '7', '5035.58', '795.7'),
	('773', '7', '4982.2', '802.47'),
	('774', '7', '4949.63', '792.97'),
	('775', '7', '5024.1', '802.01'),
	('776', '7', '4937.15', '805.57'),
	('777', '7', '4962.36', '798.69'),
	('778', '7', '5022.98', '806.44'),
	('779', '7', '4951.56', '796.5'),
	('780', '7', '5017.5', '807.86'),
	('781', '7', '5041.82', '794.89'),
	('782', '7', '5011.47', '805.18'),
	('783', '7', '4979.0', '794.38'),
	('784', '7', '4964.24', '795.55'),
	('785', '7', '4983.49', '793.46'),
	('786', '7', '5027.7', '788.62'),
	('787', '7', '5029.75', '809.82'),
	('788', '7', '4989.89', '795.91'),
	('789', '7', '5059.85', '806.0'),
	('790', '7', '5021.38', '802.99'),
	('791', '7', '5054.61', '792.3'),
	('792', '7', '4941.31', '807.32'),
	('793', '7', '5039.52', '801.99'),
	('794', '7', '5015.9', '805.4'),
	('795', '7', '5052.32', '789.26'),
	('796', '7', '5043.78', '794.57'),
	('797', '7', '4998.98', '801.62'),
	('798', '7', '5016.25', '803.57'),
	('799', '7', '4958.25', '789.6'),
	('800', '7', '5003.12', '794.08'),
	('801', '7', '5051.28', '808.23'),
	('802', '7', '4943.73', '792.23'),
	('803', '7', '5045.8', '799.53'),
	('804', '7', '4986.89', '796.44'),
	('805', '7', '5045.05', '794.86'),
	('806', '7', '4960.97', '796.57'),
	('807', '7', '4994.26', '805.98'),
	('808', '7', '4963.71', '796.05'),
	('809', '7', '5043.52', '789.92'),
	('810', '7', '4982.05', '789.14'),
	('811', '7', '4956.26', '811.21'),
	('812', '7', '5050.04', '791.2'),
	('813', '7', '4973.5', '795.83'),
	('814', '7', '4964.17', '795.34'),
	('815', '7', '4944.48', '807.26'),
	('816', '7', '4971.97', '808.71'),
	('817', '7', '4977.76', '807.26'),
	('818', '7', '4956.57', '802.66'),
	('819', '7', '5006.08', '798.62'),
	('820', '7', '5038.44', '800.74'),
	('821', '7', '4949.66', '792.93'),
	('822', '7', '5004.88', '809.8'),
	('823', '7', '4943.51', '801.86'),
	('824', '7', '5016.82', '802.29'),
	('825', '7', '5015.24', '811.9'),
	('826', '7', '5021.16', '798.32'),
	('827', '7', '5000.94', '796.24'),
	('828', '7', '5032.77', '791.77'),
	('829', '7', '5038.39', '795.26'),
	('830', '7', '5011.82', '799.55'),
	('831', '7', '5056.96', '810.51'),
	('832', '7', '4959.49', '792.45'),
	('833', '7', '4944.83', '802.87'),
	('834', '7', '4992.12', '789.47'),
	('835', '7', '4969.83', '811.86'),
	('836', '7', '4942.59', '793.11'),
	('837', '7', '4956.19', '792.96'),
	('838', '7', '4958.85', '789.1'),
	('839', '7', '5049.58', '811.75'),
	('840', '7', '4956.09', '788.45'),
	('841', '7', '4997.36', '801.22'),
	('842', '7', '5033.79', '810.68'),
	('843', '7', '5036.41', '801.47'),
	('844', '7', '5023.77', '810.29'),
	('845', '7', '4972.82', '803.21'),
	('846', '7', '4951.22', '807.55'),
	('847', '7', '4989.17', '805.12'),
	('848', '7', '5034.09', '798.73'),
	('849', '7', '5027.33', '804.23'),
	('850', '7', '4979.08', '794.36'),
	('851', '7', '5045.39', '791.24'),
	('852', '7', '4937.78', '792.78'),
	('853', '7', '5011.12', '797.89'),
	('854', '7', '5034.71', '802.13'),
	('855', '7', '4990.23', '807.4'),
	('856', '7', '5057.62', '791.59'),
	('857', '7', '5049.81', '791.45'),
	('858', '7', '5055.84', '805.12'),
	('859', '7', '5003.22', '798.11'),
	('860', '7', '4966.79', '791.81'),
	('861', '7', '4973.54', '802.45'),
	('862', '7', '4942.21', '798.31'),
	('863', '7', '5013.07', '797.14'),
	('864', '7', '4991.26', '806.14'),
	('865', '7', '4985.69', '806.68'),
	('866', '7', '5045.62', '810.83'),
	('867', '7', '4977.03', '790.73'),
	('868', '7', '4953.09', '798.97'),
	('869', '7', '4976.13', '792.78'),
	('870', '7', '5059.55', '789.9'),
	('871', '7', '5014.23', '801.5'),
	('872', '7', '4976.99', '792.73'),
	('873', '7', '5064.9', '807.61'),
	('874', '7', '5031.84', '797.35'),
	('875', '7', '5053.84', '789.39'),
	('876', '7', '4945.81', '796.75'),
	('877', '7', '4936.39', '806.77'),
	('878', '7', '4966.29', '802.75'),
	('879', '7', '4965.95', '795.16'),
	('880', '7', '4978.45', '799.5'),
	('881', '7', '4954.94', '805.21'),
	('882', '7', '5051.11', '794.5'),
	('883', '7', '4982.58', '791.71'),
	('884', '7', '4947.42', '790.39'),
	('885', '7', '5002.23', '796.37'),
	('886', '7', '5046.8', '799.48'),
	('887', '7', '4949.47', '794.17'),
	('888', '7', '5055.29', '796.22'),
	('889', '7', '4979.48', '809.89'),
	('890', '7', '4994.83', '790.75'),
	('891', '7', '4964.47', '806.44'),
	('892', '7', '5057.92', '802.03'),
	('893', '7', '5049.82', '810.23'),
	('894', '7', '4973.8', '791.01'),
	('895', '7', '5004.72', '796.69'),
	('896', '7', '5053.79', '790.74'),
	('897', '7', '4969.13', '796.02'),
	('898', '7', '4979.22', '808.38'),
	('899', '7', '5033.56', '789.86'),
	('900', '7', '4973.74', '808.3'),
	('901', '7', '4943.66', '794.62'),
	('902', '7', '4942.02', '805.12'),
	('903', '7', '4990.56', '790.24'),
	('904', '7', '5036.03', '790.14'),
	('905', '7', '5020.58', '799.19'),
	('906', '7', '5047.38', '800.12'),
	('907', '7', '4974.54', '809.5'),
	('908', '7', '5006.33', '790.28'),
	('909', '7', '5063.71', '790.33'),
	('910', '7', '4960.58', '807.46'),
	('911', '7', '5040.12', '799.09'),
	('912', '7', '4936.9', '811.81'),
	('913', '7', '5019.83', '802.15'),
	('914', '7', '5055.29', '807.78'),
	('915', '7', '5015.26', '793.81'),
	('916', '7', '4950.9', '789.53'),
	('917', '7', '5053.91', '806.87'),
	('918', '7', '5036.69', '797.9'),
	('919', '7', '4934.72', '811.28'),
	('920', '7', '5018.65', '797.02'),
	('921', '7', '4979.88', '809.96'),
	('922', '7', '5022.31', '793.13'),
	('923', '7', '4970.9', '793.26'),
	('924', '7', '4951.91', '806.26'),
	('925', '7', '5052.94', '801.47'),
	('926', '7', '5033.52', '795.76'),
	('927', '7', '4941.76', '804.97'),
	('928', '7', '4998.0', '791.3'),
	('929', '7', '5030.85', '798.84'),
	('930', '7', '4937.6', '807.07'),
	('931', '7', '4965.2', '804.87'),
	('932', '7', '5060.88', '811.65'),
	('933', '7', '4999.52', '811.08'),
	('934', '7', '5002.02', '810.32'),
	('935', '7', '4969.62', '791.25'),
	('936', '7', '4946.04', '800.48'),
	('937', '7', '4945.29', '794.18'),
	('938', '7', '5008.43', '808.22'),
	('939', '7', '4996.86', '810.69'),
	('940', '7', '4951.82', '801.04'),
	('941', '7', '4939.14', '800.47'),
	('942', '7', '5044.34', '789.72'),
	('943', '7', '5009.49', '792.87'),
	('944', '7', '4942.67', '808.91'),
	('945', '7', '4981.12', '801.25'),
	('946', '7', '4984.33', '799.34'),
	('947', '7', '5026.09', '792.48'),
	('948', '7', '4947.08', '801.52'),
	('949', '7', '4958.15', '806.33'),
	('950', '7', '5028.39', '804.34'),
	('951', '7', '5044.04', '790.78'),
	('952', '7', '4960.07', '805.77'),
	('953', '7', '4993.04', '807.06'),
	('954', '7', '5059.61', '790.76'),
	('955', '7', '5042.53', '804.34'),
	('956', '7', '5031.24', '811.72'),
	('957', '7', '4950.88', '789.01'),
	('958', '7', '5018.45', '800.79'),
	('959', '7', '4939.27', '804.49'),
	('960', '7', '5005.63', '794.3'),
	('961', '7', '5042.76', '790.99'),
	('962', '7', '4992.49', '791.48'),
	('963', '7', '5058.18', '796.8'),
	('964', '7', '5009.52', '795.67'),
	('965', '7', '5029.94', '805.7'),
	('966', '7', '5031.25', '805.89'),
	('967', '7', '4984.38', '805.0'),
	('968', '7', '5025.07', '809.52'),
	('969', '7', '5006.87', '796.87'),
	('970', '7', '5004.18', '809.58'),
	('971', '7', '5052.18', '797.45'),
	('972', '7', '5044.61', '794.07'),
	('973', '7', '4999.41', '792.29'),
	('974', '7', '4971.75', '803.75'),
	('975', '7', '5001.71', '799.99'),
	('976', '7', '5058.8', '805.1'),
	('977', '7', '4980.31', '807.17'),
	('978', '7', '5007.22', '797.56'),
	('979', '7', '4940.19', '797.22'),
	('980', '7', '4936.46', '807.03'),
	('981', '7', '5059.56', '803.28'),
	('982', '7', '4995.83', '796.8'),
	('983', '7', '4935.51', '788.5'),
	('984', '7', '4956.05', '802.58'),
	('985', '7', '4970.34', '803.17'),
	('986', '7', '5029.58', '799.4'),
	('987', '7', '4986.64', '805.29'),
	('988', '7', '4957.91', '792.34'),
	('989', '7', '5062.77', '793.85'),
	('990', '7', '5009.54', '795.09'),
	('991', '7', '4969.16', '807.7'),
	('992', '7', '4963.88', '809.52'),
	('993', '7', '4992.2', '792.26'),
	('994', '7', '5018.45', '799.32'),
	('995', '7', '4982.11', '811.92'),
	('996', '7', '5034.87', '807.53'),
	('997', '7', '5014.61', '788.2'),
	('998', '7', '5017.87', '796.74'),
	('999', '7', '4994.76', '796.95'),
	('1000', '7', '4936.64', '790.9');

insert into OutputProductMeasurements(IdMeasurement, IdProcess, MeasuredLenght, MeasuredWidth)
values
	('1001', '7', '4969.62', '811.08'),
	('1002', '7', '5012.47', '790.17'),
	('1003', '7', '5058.01', '788.4'),
	('1004', '7', '4992.24', '808.53'),
	('1005', '7', '5022.95', '807.94'),
	('1006', '7', '5002.56', '797.77'),
	('1007', '7', '5031.05', '809.31'),
	('1008', '7', '5056.44', '803.29'),
	('1009', '7', '4981.95', '801.58'),
	('1010', '7', '4981.18', '798.17'),
	('1011', '7', '5010.78', '806.0'),
	('1012', '7', '4992.2', '811.36'),
	('1013', '7', '5039.24', '803.32'),
	('1014', '7', '5011.12', '803.99'),
	('1015', '7', '5037.57', '793.22'),
	('1016', '7', '5061.27', '788.04'),
	('1017', '7', '4938.39', '806.16'),
	('1018', '7', '5039.82', '792.92'),
	('1019', '7', '5012.29', '802.68'),
	('1020', '7', '4981.09', '793.24'),
	('1021', '7', '5026.55', '788.51'),
	('1022', '7', '4983.67', '794.1'),
	('1023', '7', '5040.62', '792.96'),
	('1024', '7', '4973.38', '799.48'),
	('1025', '7', '4983.86', '808.28'),
	('1026', '7', '4975.24', '802.97'),
	('1027', '7', '4972.58', '796.94'),
	('1028', '7', '4978.24', '807.9'),
	('1029', '7', '4973.83', '794.53'),
	('1030', '7', '5023.16', '791.03'),
	('1031', '7', '5024.33', '801.99'),
	('1032', '7', '4965.73', '806.0'),
	('1033', '7', '5045.88', '804.34'),
	('1034', '7', '5006.5', '792.91'),
	('1035', '7', '4968.13', '791.94'),
	('1036', '7', '5025.66', '793.51'),
	('1037', '7', '4949.18', '794.32'),
	('1038', '7', '5015.38', '788.23'),
	('1039', '7', '4958.59', '811.64'),
	('1040', '7', '4953.92', '791.4'),
	('1041', '7', '4973.93', '795.48'),
	('1042', '7', '4970.64', '810.13'),
	('1043', '7', '4987.56', '794.45'),
	('1044', '7', '5049.28', '790.33'),
	('1045', '7', '5033.33', '808.96'),
	('1046', '7', '5030.06', '790.08'),
	('1047', '7', '4950.16', '793.23'),
	('1048', '7', '5047.8', '807.07'),
	('1049', '7', '5060.07', '794.37'),
	('1050', '7', '5008.6', '791.09'),
	('1051', '7', '5014.76', '793.11'),
	('1052', '7', '4980.47', '800.56'),
	('1053', '7', '5040.06', '801.86'),
	('1054', '7', '4998.38', '808.84'),
	('1055', '7', '5002.73', '810.5'),
	('1056', '7', '4981.23', '792.08'),
	('1057', '7', '4959.29', '809.27'),
	('1058', '7', '4979.92', '791.2'),
	('1059', '7', '4973.23', '811.8'),
	('1060', '7', '5001.17', '803.36'),
	('1061', '7', '4939.67', '807.28'),
	('1062', '7', '4982.47', '806.38'),
	('1063', '7', '4952.58', '810.12'),
	('1064', '7', '4943.74', '788.28'),
	('1065', '7', '5021.65', '792.7'),
	('1066', '7', '5032.86', '808.94'),
	('1067', '7', '5051.25', '795.95'),
	('1068', '7', '5049.28', '789.62'),
	('1069', '7', '4939.77', '791.93'),
	('1070', '7', '5049.34', '792.69'),
	('1071', '7', '5048.45', '805.65'),
	('1072', '7', '5014.35', '800.82'),
	('1073', '7', '5049.35', '792.02'),
	('1074', '7', '5014.6', '808.38'),
	('1075', '7', '5032.45', '791.48'),
	('1076', '7', '4992.68', '811.81'),
	('1077', '7', '5048.82', '809.14'),
	('1078', '7', '5038.89', '805.76'),
	('1079', '7', '4964.98', '811.26'),
	('1080', '7', '5021.81', '808.11'),
	('1081', '7', '4940.9', '811.62'),
	('1082', '7', '4986.21', '794.67'),
	('1083', '7', '5025.85', '789.48'),
	('1084', '7', '4982.86', '805.26'),
	('1085', '7', '5010.42', '811.27'),
	('1086', '7', '4965.14', '789.61'),
	('1087', '7', '5059.09', '791.05'),
	('1088', '7', '4942.39', '794.95'),
	('1089', '7', '5054.1', '799.86'),
	('1090', '7', '5049.9', '806.64'),
	('1091', '7', '4945.79', '805.78'),
	('1092', '7', '4994.77', '793.44'),
	('1093', '7', '4937.05', '802.13'),
	('1094', '7', '4938.88', '810.5'),
	('1095', '7', '4999.44', '807.08'),
	('1096', '7', '5036.49', '789.28'),
	('1097', '7', '5044.08', '790.4'),
	('1098', '7', '5049.46', '788.24'),
	('1099', '7', '5020.93', '794.1'),
	('1100', '7', '4984.53', '802.75'),
	('1101', '7', '4990.43', '796.53'),
	('1102', '7', '4968.87', '804.1'),
	('1103', '7', '5063.43', '810.7'),
	('1104', '7', '4974.92', '806.06'),
	('1105', '7', '4952.1', '791.62'),
	('1106', '7', '5057.3', '790.18'),
	('1107', '7', '5019.76', '792.05'),
	('1108', '7', '5004.28', '789.48'),
	('1109', '7', '5005.52', '799.31'),
	('1110', '7', '5022.41', '793.17'),
	('1111', '7', '4957.32', '804.54'),
	('1112', '7', '4952.94', '808.74'),
	('1113', '7', '4973.39', '811.45'),
	('1114', '7', '5043.95', '800.33'),
	('1115', '7', '5045.85', '808.06'),
	('1116', '7', '5053.52', '794.88'),
	('1117', '7', '4989.04', '788.74'),
	('1118', '7', '4977.05', '805.57'),
	('1119', '7', '5033.99', '807.8'),
	('1120', '7', '4941.74', '798.15'),
	('1121', '7', '5002.49', '797.52'),
	('1122', '7', '5043.86', '806.3'),
	('1123', '7', '5038.19', '800.98'),
	('1124', '7', '4975.9', '802.78'),
	('1125', '7', '5037.18', '804.75'),
	('1126', '7', '5046.03', '794.03'),
	('1127', '7', '5039.91', '792.67'),
	('1128', '7', '5048.03', '806.7'),
	('1129', '7', '4965.01', '804.66'),
	('1130', '7', '4957.26', '802.09'),
	('1131', '7', '5031.75', '789.23'),
	('1132', '7', '4992.83', '797.67'),
	('1133', '7', '5035.04', '803.76'),
	('1134', '7', '5025.95', '795.4'),
	('1135', '7', '5048.38', '796.39'),
	('1136', '7', '5039.84', '790.58'),
	('1137', '7', '5061.74', '790.36'),
	('1138', '7', '5050.34', '789.18'),
	('1139', '7', '4975.0', '790.39'),
	('1140', '7', '4980.74', '806.74'),
	('1141', '7', '4974.8', '805.43'),
	('1142', '7', '4994.74', '809.15'),
	('1143', '7', '4963.61', '798.44'),
	('1144', '7', '5029.63', '792.96'),
	('1145', '7', '5054.45', '790.61'),
	('1146', '7', '4984.53', '792.92'),
	('1147', '7', '5044.58', '800.54'),
	('1148', '7', '4966.08', '788.33'),
	('1149', '7', '4993.92', '797.94'),
	('1150', '7', '5046.78', '799.24'),
	('1151', '7', '5034.63', '803.56'),
	('1152', '7', '5007.9', '792.72'),
	('1153', '7', '5019.51', '799.58'),
	('1154', '7', '5005.12', '790.44'),
	('1155', '7', '5057.24', '795.31'),
	('1156', '7', '4967.58', '794.59'),
	('1157', '7', '5022.33', '800.45'),
	('1158', '7', '5045.83', '796.92'),
	('1159', '7', '4944.9', '797.87'),
	('1160', '7', '4977.42', '799.67'),
	('1161', '7', '5040.05', '799.02'),
	('1162', '7', '4988.03', '794.63'),
	('1163', '7', '4943.38', '795.25'),
	('1164', '7', '4949.72', '795.69'),
	('1165', '7', '4971.56', '790.25'),
	('1166', '7', '4999.68', '809.76'),
	('1167', '7', '4973.32', '806.42'),
	('1168', '7', '4936.58', '791.65'),
	('1169', '7', '4990.8', '794.85'),
	('1170', '7', '5011.49', '789.4'),
	('1171', '7', '4996.14', '810.26'),
	('1172', '7', '5051.93', '789.64'),
	('1173', '7', '4965.61', '794.6'),
	('1174', '7', '4982.93', '793.46'),
	('1175', '7', '5019.36', '788.04'),
	('1176', '7', '5055.5', '811.25'),
	('1177', '7', '5018.92', '795.88'),
	('1178', '7', '5040.29', '790.15'),
	('1179', '7', '4994.23', '808.64'),
	('1180', '7', '5044.23', '791.29'),
	('1181', '7', '4998.08', '791.55'),
	('1182', '7', '4960.76', '795.93'),
	('1183', '7', '4990.12', '796.86'),
	('1184', '7', '4961.37', '808.94'),
	('1185', '7', '5035.38', '798.67'),
	('1186', '7', '4955.51', '807.1'),
	('1187', '7', '4962.07', '802.06'),
	('1188', '7', '4975.04', '803.89'),
	('1189', '7', '4950.46', '805.72'),
	('1190', '7', '5053.25', '806.63'),
	('1191', '7', '4994.88', '801.79'),
	('1192', '7', '5037.19', '809.92'),
	('1193', '7', '4983.13', '791.38'),
	('1194', '7', '5025.13', '792.58'),
	('1195', '7', '5007.21', '802.44'),
	('1196', '7', '5044.98', '797.17'),
	('1197', '7', '5062.07', '800.21'),
	('1198', '7', '5059.11', '795.79'),
	('1199', '7', '5025.64', '800.36'),
	('1200', '7', '4958.89', '798.84'),
	('1201', '7', '4989.57', '801.76'),
	('1202', '7', '5060.94', '796.99'),
	('1203', '7', '4971.6', '793.45'),
	('1204', '7', '4954.73', '807.81'),
	('1205', '7', '4980.17', '790.63'),
	('1206', '7', '5019.29', '803.99'),
	('1207', '7', '5023.53', '792.04'),
	('1208', '7', '4955.46', '808.89'),
	('1209', '7', '4980.33', '789.04'),
	('1210', '7', '5031.96', '804.71'),
	('1211', '7', '5054.15', '801.16'),
	('1212', '7', '5049.86', '794.29'),
	('1213', '7', '5062.47', '803.72'),
	('1214', '7', '4998.52', '793.36'),
	('1215', '7', '4982.39', '809.4'),
	('1216', '7', '5061.56', '796.6'),
	('1217', '7', '5045.48', '797.22'),
	('1218', '7', '5039.33', '810.44'),
	('1219', '7', '4973.24', '799.57'),
	('1220', '7', '4970.93', '796.9'),
	('1221', '7', '5023.12', '790.93'),
	('1222', '7', '5015.08', '791.69'),
	('1223', '7', '5028.38', '796.04'),
	('1224', '7', '5033.87', '790.27'),
	('1225', '7', '5015.56', '808.76'),
	('1226', '7', '5028.36', '811.98'),
	('1227', '7', '5006.64', '807.39'),
	('1228', '7', '5005.96', '809.4'),
	('1229', '7', '5048.32', '808.96'),
	('1230', '7', '4998.67', '792.12'),
	('1231', '7', '5001.41', '808.7'),
	('1232', '7', '5034.59', '809.16'),
	('1233', '7', '5015.62', '793.74'),
	('1234', '7', '4946.43', '800.85'),
	('1235', '7', '4971.99', '804.89'),
	('1236', '7', '5035.63', '810.98'),
	('1237', '7', '4959.21', '808.89'),
	('1238', '7', '5032.83', '789.32'),
	('1239', '7', '5040.67', '803.45'),
	('1240', '7', '5020.42', '790.44'),
	('1241', '7', '5059.97', '788.87'),
	('1242', '7', '5040.9', '811.15'),
	('1243', '7', '4978.65', '788.9'),
	('1244', '7', '5029.08', '801.58'),
	('1245', '7', '5033.61', '791.51'),
	('1246', '7', '5018.52', '806.88'),
	('1247', '7', '4936.69', '803.78'),
	('1248', '7', '4975.16', '796.21'),
	('1249', '7', '5018.88', '802.9'),
	('1250', '7', '4952.46', '807.16'),
	('1251', '7', '4941.52', '790.2'),
	('1252', '7', '4963.28', '802.43'),
	('1253', '7', '5025.58', '799.83'),
	('1254', '7', '5028.03', '805.5'),
	('1255', '7', '5039.99', '792.21'),
	('1256', '7', '5000.97', '808.19'),
	('1257', '7', '5029.21', '802.72'),
	('1258', '7', '4974.94', '805.05'),
	('1259', '7', '5052.13', '802.58'),
	('1260', '7', '4984.34', '810.39'),
	('1261', '7', '5033.35', '801.17'),
	('1262', '7', '4939.85', '798.57'),
	('1263', '7', '4991.96', '800.17'),
	('1264', '7', '5019.7', '811.12'),
	('1265', '7', '4948.74', '800.03'),
	('1266', '7', '5013.29', '802.35'),
	('1267', '7', '4965.58', '797.61'),
	('1268', '7', '4990.45', '791.48'),
	('1269', '7', '4962.04', '789.49'),
	('1270', '7', '5040.72', '804.91'),
	('1271', '7', '5048.02', '809.66'),
	('1272', '7', '4944.97', '796.79'),
	('1273', '7', '5043.86', '797.71'),
	('1274', '7', '5056.78', '797.22'),
	('1275', '7', '5007.77', '800.71'),
	('1276', '7', '4936.04', '791.9'),
	('1277', '7', '5057.98', '789.68'),
	('1278', '7', '5052.81', '811.45'),
	('1279', '7', '5024.84', '795.26'),
	('1280', '7', '5005.41', '796.98'),
	('1281', '7', '4940.76', '788.29'),
	('1282', '7', '5046.68', '802.83'),
	('1283', '7', '4967.46', '803.8'),
	('1284', '7', '4974.07', '792.53'),
	('1285', '7', '4995.68', '805.94'),
	('1286', '7', '4949.21', '793.92'),
	('1287', '7', '5019.05', '809.37'),
	('1288', '7', '5040.37', '806.67'),
	('1289', '7', '5006.12', '791.53'),
	('1290', '7', '4986.81', '804.09'),
	('1291', '7', '4999.6', '788.38'),
	('1292', '7', '5061.61', '808.91'),
	('1293', '7', '5017.73', '808.82'),
	('1294', '7', '5046.75', '801.17'),
	('1295', '7', '4972.02', '788.82'),
	('1296', '7', '5014.05', '809.23'),
	('1297', '7', '4985.56', '793.89'),
	('1298', '7', '4962.85', '791.37'),
	('1299', '7', '4955.3', '792.15'),
	('1300', '7', '5028.75', '798.04'),
	('1301', '7', '4973.55', '792.03'),
	('1302', '7', '5059.05', '802.49'),
	('1303', '7', '4949.85', '805.19'),
	('1304', '7', '5021.78', '791.88'),
	('1305', '7', '5048.34', '800.71'),
	('1306', '7', '5024.64', '789.47'),
	('1307', '7', '4966.58', '803.58'),
	('1308', '7', '4991.18', '794.09'),
	('1309', '7', '5063.0', '790.74'),
	('1310', '7', '4993.63', '795.48'),
	('1311', '7', '4976.9', '792.66'),
	('1312', '7', '4983.88', '799.66'),
	('1313', '7', '5036.12', '810.96'),
	('1314', '7', '4966.56', '810.14'),
	('1315', '7', '5043.57', '798.2'),
	('1316', '7', '4970.58', '794.46'),
	('1317', '7', '5027.83', '807.24'),
	('1318', '7', '4972.91', '799.91'),
	('1319', '7', '5059.7', '798.95'),
	('1320', '7', '5000.72', '794.36'),
	('1321', '7', '5046.82', '788.46'),
	('1322', '7', '5048.94', '794.99'),
	('1323', '7', '4983.68', '810.16'),
	('1324', '7', '5029.09', '801.0'),
	('1325', '7', '5037.47', '800.55'),
	('1326', '7', '5051.4', '806.83'),
	('1327', '7', '4985.74', '800.74'),
	('1328', '7', '4964.08', '805.57'),
	('1329', '7', '4941.43', '800.38'),
	('1330', '7', '4956.38', '788.33'),
	('1331', '7', '5005.07', '811.03'),
	('1332', '7', '5012.62', '804.01'),
	('1333', '7', '5030.7', '791.05'),
	('1334', '7', '4949.22', '789.38'),
	('1335', '7', '5041.84', '805.26'),
	('1336', '7', '4990.78', '810.13'),
	('1337', '7', '5019.82', '797.17'),
	('1338', '7', '5000.96', '790.96'),
	('1339', '7', '4996.25', '792.18'),
	('1340', '7', '4964.96', '794.36'),
	('1341', '7', '5027.98', '792.64'),
	('1342', '7', '5016.54', '802.03'),
	('1343', '7', '5057.83', '793.63'),
	('1344', '7', '4942.09', '800.47'),
	('1345', '7', '5010.0', '811.04'),
	('1346', '7', '4992.66', '799.54'),
	('1347', '7', '4966.59', '794.57'),
	('1348', '7', '5038.56', '793.49'),
	('1349', '7', '4980.03', '790.35'),
	('1350', '7', '5017.33', '799.65'),
	('1351', '7', '4935.5', '811.27'),
	('1352', '7', '5024.35', '806.62'),
	('1353', '7', '4971.82', '800.68'),
	('1354', '7', '5026.51', '796.52'),
	('1355', '7', '5016.4', '810.54'),
	('1356', '7', '4977.58', '810.63'),
	('1357', '7', '4981.18', '807.96'),
	('1358', '7', '5006.74', '790.04'),
	('1359', '7', '5025.48', '807.75'),
	('1360', '7', '4958.63', '798.76'),
	('1361', '7', '5056.87', '794.34'),
	('1362', '7', '5054.54', '793.52'),
	('1363', '7', '4989.07', '809.35'),
	('1364', '7', '4980.24', '811.66'),
	('1365', '7', '4995.97', '801.15'),
	('1366', '7', '5016.77', '791.8'),
	('1367', '7', '5044.62', '794.39'),
	('1368', '7', '5033.51', '810.3'),
	('1369', '7', '4970.79', '791.34'),
	('1370', '7', '4955.36', '794.81'),
	('1371', '7', '4998.37', '805.06'),
	('1372', '7', '5042.29', '795.57'),
	('1373', '7', '4965.14', '801.56'),
	('1374', '7', '4972.17', '791.51'),
	('1375', '7', '4971.0', '804.64'),
	('1376', '7', '4997.63', '807.32'),
	('1377', '7', '4987.91', '802.72'),
	('1378', '7', '4953.94', '801.47'),
	('1379', '7', '4942.65', '798.92'),
	('1380', '7', '5056.48', '806.69'),
	('1381', '7', '5014.49', '789.34'),
	('1382', '7', '5022.83', '801.36'),
	('1383', '7', '4943.21', '802.1'),
	('1384', '7', '5056.73', '805.28'),
	('1385', '7', '5062.07', '794.62'),
	('1386', '7', '5056.44', '789.27'),
	('1387', '7', '4957.31', '792.36'),
	('1388', '7', '5049.31', '804.69'),
	('1389', '7', '5017.53', '789.92'),
	('1390', '7', '4976.62', '789.66'),
	('1391', '7', '4969.85', '794.69'),
	('1392', '7', '4954.13', '810.32'),
	('1393', '7', '4963.69', '798.82'),
	('1394', '7', '4988.92', '793.65'),
	('1395', '7', '4956.2', '805.62'),
	('1396', '7', '4974.74', '797.14'),
	('1397', '7', '5029.28', '809.57'),
	('1398', '7', '4991.97', '797.56'),
	('1399', '7', '5027.84', '811.25'),
	('1400', '7', '5028.21', '801.13'),
	('1401', '7', '4955.61', '796.51'),
	('1402', '7', '4995.78', '789.94'),
	('1403', '7', '4962.8', '793.37'),
	('1404', '7', '5044.58', '794.11'),
	('1405', '7', '5050.68', '796.9'),
	('1406', '7', '4942.83', '807.56'),
	('1407', '7', '5030.07', '789.65'),
	('1408', '7', '4997.95', '789.36'),
	('1409', '7', '5013.5', '790.34'),
	('1410', '7', '4963.94', '798.41'),
	('1411', '7', '4979.88', '792.87'),
	('1412', '7', '4946.17', '806.44'),
	('1413', '7', '4941.66', '794.52'),
	('1414', '7', '4960.67', '805.97'),
	('1415', '7', '5010.82', '790.44'),
	('1416', '7', '5022.8', '809.09'),
	('1417', '7', '5029.8', '798.83'),
	('1418', '7', '4966.59', '799.66'),
	('1419', '7', '4966.24', '797.34'),
	('1420', '7', '5060.63', '796.7'),
	('1421', '7', '4975.71', '791.16'),
	('1422', '7', '5028.56', '808.71'),
	('1423', '7', '5005.04', '801.66'),
	('1424', '7', '5013.09', '808.78'),
	('1425', '7', '4937.22', '806.88'),
	('1426', '7', '4958.53', '802.15'),
	('1427', '7', '4943.32', '797.95'),
	('1428', '7', '5027.81', '803.73'),
	('1429', '7', '4980.41', '807.97'),
	('1430', '7', '5032.17', '801.53'),
	('1431', '7', '5028.14', '792.79'),
	('1432', '7', '5048.67', '810.91'),
	('1433', '7', '5034.86', '788.43'),
	('1434', '7', '4948.1', '792.53'),
	('1435', '7', '4953.76', '789.04'),
	('1436', '7', '5024.59', '811.0'),
	('1437', '7', '4978.43', '809.59'),
	('1438', '7', '4975.97', '805.58'),
	('1439', '7', '5024.36', '791.93'),
	('1440', '7', '5023.18', '807.91'),
	('1441', '7', '4948.36', '790.9'),
	('1442', '7', '5027.19', '804.26'),
	('1443', '7', '5010.95', '793.36'),
	('1444', '7', '4962.61', '795.09'),
	('1445', '7', '5060.09', '805.74'),
	('1446', '7', '4967.76', '791.23'),
	('1447', '7', '4942.38', '799.67'),
	('1448', '7', '4949.54', '800.43'),
	('1449', '7', '5061.7', '788.46'),
	('1450', '7', '4940.32', '790.35'),
	('1451', '7', '4960.22', '790.88'),
	('1452', '7', '5021.06', '805.09'),
	('1453', '7', '4978.91', '809.93'),
	('1454', '7', '5057.33', '802.18'),
	('1455', '7', '4943.48', '801.12'),
	('1456', '7', '5023.78', '799.08'),
	('1457', '7', '5063.73', '802.53'),
	('1458', '7', '4973.97', '793.63'),
	('1459', '7', '5000.28', '801.1'),
	('1460', '7', '4970.45', '805.45'),
	('1461', '7', '4978.82', '805.11'),
	('1462', '7', '4974.88', '792.93'),
	('1463', '7', '5065.06', '808.64'),
	('1464', '7', '4942.54', '788.8'),
	('1465', '7', '4981.21', '798.7'),
	('1466', '7', '5052.46', '791.92'),
	('1467', '7', '4948.86', '794.16'),
	('1468', '7', '5058.34', '811.83'),
	('1469', '7', '5031.4', '808.03'),
	('1470', '7', '4939.53', '805.04'),
	('1471', '7', '4987.94', '805.18'),
	('1472', '7', '5046.11', '791.05'),
	('1473', '7', '5050.96', '805.41'),
	('1474', '7', '4952.73', '805.92'),
	('1475', '7', '4965.63', '792.05'),
	('1476', '7', '5061.33', '802.54'),
	('1477', '7', '5032.41', '796.32'),
	('1478', '7', '4958.17', '793.4'),
	('1479', '7', '5043.98', '793.3'),
	('1480', '7', '5017.53', '810.73'),
	('1481', '7', '5035.55', '798.19'),
	('1482', '7', '4993.06', '811.72'),
	('1483', '7', '5057.2', '797.47'),
	('1484', '7', '5014.06', '803.1'),
	('1485', '7', '4983.31', '811.63'),
	('1486', '7', '4962.95', '800.06'),
	('1487', '7', '5030.33', '800.17'),
	('1488', '7', '5036.49', '801.3'),
	('1489', '7', '5047.73', '807.87'),
	('1490', '7', '5043.65', '796.45'),
	('1491', '7', '4951.03', '790.82'),
	('1492', '7', '4947.47', '804.56'),
	('1493', '7', '4971.0', '799.89'),
	('1494', '7', '5058.44', '789.29'),
	('1495', '7', '5011.44', '809.36'),
	('1496', '7', '4957.56', '791.17'),
	('1497', '7', '5029.21', '810.88'),
	('1498', '7', '4989.75', '804.84'),
	('1499', '7', '4951.21', '791.31'),
	('1500', '7', '4993.55', '799.39'),
	('1501', '7', '4981.78', '799.99'),
	('1502', '7', '4999.29', '799.96'),
	('1503', '7', '4968.79', '802.31'),
	('1504', '7', '5051.35', '796.49'),
	('1505', '7', '4959.16', '796.17'),
	('1506', '7', '5007.28', '789.54'),
	('1507', '7', '4985.62', '789.02'),
	('1508', '7', '5035.71', '788.57'),
	('1509', '7', '4949.59', '810.26'),
	('1510', '7', '4950.64', '810.38'),
	('1511', '7', '5013.6', '802.89'),
	('1512', '7', '4975.76', '794.12'),
	('1513', '7', '5016.49', '801.39'),
	('1514', '7', '4975.71', '809.77'),
	('1515', '7', '4958.98', '792.03'),
	('1516', '7', '4966.54', '795.5'),
	('1517', '7', '5062.17', '803.87'),
	('1518', '7', '4982.1', '811.01'),
	('1519', '7', '4951.55', '797.18'),
	('1520', '7', '5050.11', '791.07'),
	('1521', '7', '4955.72', '794.87'),
	('1522', '7', '5042.62', '802.44'),
	('1523', '7', '4973.43', '809.72'),
	('1524', '7', '5037.1', '790.44'),
	('1525', '7', '4996.15', '791.49'),
	('1526', '7', '4987.23', '792.9'),
	('1527', '7', '4950.57', '799.87'),
	('1528', '7', '4972.12', '797.27'),
	('1529', '7', '5045.29', '799.66'),
	('1530', '7', '5023.38', '799.82'),
	('1531', '7', '5009.77', '800.02'),
	('1532', '7', '5022.15', '791.15'),
	('1533', '7', '4951.58', '807.24'),
	('1534', '7', '4968.94', '805.72'),
	('1535', '7', '5024.15', '794.65'),
	('1536', '7', '5040.49', '796.4'),
	('1537', '7', '5016.34', '811.77'),
	('1538', '7', '4951.81', '806.43'),
	('1539', '7', '4991.33', '800.63'),
	('1540', '7', '4997.19', '808.02'),
	('1541', '7', '4994.0', '807.31'),
	('1542', '7', '4970.06', '804.4'),
	('1543', '7', '4982.17', '793.27'),
	('1544', '7', '4999.94', '792.33'),
	('1545', '7', '4972.78', '811.43'),
	('1546', '7', '4975.28', '811.19'),
	('1547', '7', '4982.28', '796.75'),
	('1548', '7', '4961.05', '795.25'),
	('1549', '7', '4938.23', '809.3'),
	('1550', '7', '5030.34', '797.91'),
	('1551', '7', '5008.33', '791.19'),
	('1552', '7', '4996.04', '800.65'),
	('1553', '7', '4960.1', '803.9'),
	('1554', '7', '4968.53', '797.66'),
	('1555', '7', '5001.23', '796.51'),
	('1556', '7', '5036.34', '805.76'),
	('1557', '7', '5059.8', '800.94'),
	('1558', '7', '5005.51', '795.02'),
	('1559', '7', '4971.07', '800.76'),
	('1560', '7', '4966.42', '794.86'),
	('1561', '7', '4976.6', '796.81'),
	('1562', '7', '5034.41', '800.27'),
	('1563', '7', '5020.78', '800.56'),
	('1564', '7', '5020.59', '798.58'),
	('1565', '7', '4965.12', '790.39'),
	('1566', '7', '4980.08', '810.12'),
	('1567', '7', '5015.05', '796.14'),
	('1568', '7', '4996.29', '802.5'),
	('1569', '7', '4956.34', '811.33'),
	('1570', '7', '5060.22', '793.58'),
	('1571', '7', '5044.67', '798.42'),
	('1572', '7', '4984.78', '810.79'),
	('1573', '7', '5015.17', '804.72'),
	('1574', '7', '4941.4', '810.74'),
	('1575', '7', '4973.67', '810.82'),
	('1576', '7', '5002.76', '799.28'),
	('1577', '7', '5029.41', '805.77'),
	('1578', '7', '5035.97', '800.82'),
	('1579', '7', '5035.58', '803.83'),
	('1580', '7', '5059.14', '798.23'),
	('1581', '7', '5064.42', '798.34'),
	('1582', '7', '5004.32', '811.89'),
	('1583', '7', '5052.25', '789.63'),
	('1584', '7', '5012.04', '796.41'),
	('1585', '7', '5037.35', '800.53'),
	('1586', '7', '5065.27', '798.23'),
	('1587', '7', '4956.72', '801.16'),
	('1588', '7', '4951.79', '790.78'),
	('1589', '7', '4949.28', '810.07'),
	('1590', '7', '4962.3', '794.94'),
	('1591', '7', '4936.8', '801.07'),
	('1592', '7', '4946.4', '795.78'),
	('1593', '7', '5022.8', '797.51'),
	('1594', '7', '5039.85', '796.84'),
	('1595', '8', '5025.26', '799.37'),
	('1596', '8', '5053.77', '805.88'),
	('1597', '8', '5027.44', '810.95'),
	('1598', '8', '4998.61', '802.07'),
	('1599', '8', '5058.74', '803.35'),
	('1600', '8', '4995.7', '798.06'),
	('1601', '8', '5004.44', '800.58'),
	('1602', '8', '5052.04', '808.2'),
	('1603', '8', '5030.27', '789.69'),
	('1604', '8', '5061.71', '808.97'),
	('1605', '8', '4960.89', '805.64'),
	('1606', '8', '5014.36', '802.4'),
	('1607', '8', '5001.74', '792.88'),
	('1608', '8', '4961.08', '800.59'),
	('1609', '8', '5042.89', '789.07'),
	('1610', '8', '4994.16', '799.14'),
	('1611', '8', '4943.65', '808.73'),
	('1612', '8', '5029.28', '796.4'),
	('1613', '8', '5036.58', '810.42'),
	('1614', '8', '4942.16', '790.15'),
	('1615', '8', '4997.04', '807.97'),
	('1616', '8', '4942.26', '799.47'),
	('1617', '8', '4999.9', '805.15'),
	('1618', '8', '4979.52', '794.24'),
	('1619', '8', '5014.17', '810.74'),
	('1620', '8', '4948.36', '810.51'),
	('1621', '8', '4990.82', '802.27'),
	('1622', '8', '5063.22', '799.64'),
	('1623', '8', '4979.02', '798.66'),
	('1624', '8', '4955.12', '806.89'),
	('1625', '8', '4997.38', '810.21'),
	('1626', '8', '4943.41', '795.27'),
	('1627', '8', '5061.26', '798.71'),
	('1628', '8', '4971.42', '799.78'),
	('1629', '8', '4974.12', '810.6'),
	('1630', '8', '4939.77', '792.2'),
	('1631', '8', '4940.3', '808.49'),
	('1632', '8', '5062.3', '790.82'),
	('1633', '8', '5046.48', '793.24'),
	('1634', '8', '4939.63', '810.59'),
	('1635', '8', '4951.07', '790.56'),
	('1636', '8', '4968.5', '807.54'),
	('1637', '8', '5041.38', '791.38'),
	('1638', '8', '5053.87', '805.4'),
	('1639', '8', '5037.0', '792.42'),
	('1640', '8', '4943.36', '796.02'),
	('1641', '8', '5017.19', '794.53'),
	('1642', '8', '5005.79', '802.9'),
	('1643', '8', '4941.67', '809.54'),
	('1644', '8', '4986.14', '809.91'),
	('1645', '8', '4938.72', '805.16'),
	('1646', '8', '4948.46', '803.11'),
	('1647', '8', '4937.11', '794.52'),
	('1648', '8', '5018.96', '802.45'),
	('1649', '8', '4988.73', '799.33'),
	('1650', '8', '4986.36', '793.91'),
	('1651', '8', '5006.43', '794.71'),
	('1652', '8', '5031.52', '811.04'),
	('1653', '8', '4953.29', '810.78'),
	('1654', '8', '5029.51', '797.72'),
	('1655', '8', '5000.74', '799.32'),
	('1656', '8', '5025.47', '804.45'),
	('1657', '8', '5001.22', '802.11'),
	('1658', '8', '5000.5', '799.88'),
	('1659', '8', '4970.8', '810.95'),
	('1660', '8', '5025.54', '800.82'),
	('1661', '8', '5039.55', '792.22'),
	('1662', '8', '4983.98', '798.77'),
	('1663', '8', '4968.42', '796.88'),
	('1664', '8', '5014.06', '797.61'),
	('1665', '8', '4946.91', '809.6'),
	('1666', '8', '4978.53', '792.49'),
	('1667', '8', '5022.39', '806.41'),
	('1668', '8', '5046.81', '802.23'),
	('1669', '8', '4954.98', '809.61'),
	('1670', '8', '4995.95', '791.6'),
	('1671', '8', '4957.87', '807.8'),
	('1672', '8', '4946.71', '798.35'),
	('1673', '8', '4972.01', '804.34'),
	('1674', '8', '5020.18', '802.5'),
	('1675', '8', '5051.47', '807.39'),
	('1676', '8', '5001.56', '809.56'),
	('1677', '8', '5007.51', '792.97'),
	('1678', '8', '5037.65', '791.81'),
	('1679', '8', '5028.88', '793.44'),
	('1680', '8', '5044.69', '790.34'),
	('1681', '8', '4983.46', '804.24'),
	('1682', '8', '4984.29', '798.36'),
	('1683', '8', '4947.34', '798.1'),
	('1684', '8', '5020.96', '803.33'),
	('1685', '8', '4939.34', '800.23'),
	('1686', '8', '4987.28', '800.41'),
	('1687', '8', '5017.79', '791.84'),
	('1688', '8', '4995.9', '798.48'),
	('1689', '8', '4986.35', '804.86'),
	('1690', '8', '4977.26', '804.37'),
	('1691', '8', '4991.21', '800.06'),
	('1692', '8', '5034.78', '809.94'),
	('1693', '8', '5022.08', '799.5'),
	('1694', '8', '5037.4', '797.42'),
	('1695', '8', '4990.55', '798.78'),
	('1696', '8', '5010.86', '797.27'),
	('1697', '8', '4968.53', '797.14'),
	('1698', '8', '4959.22', '809.84'),
	('1699', '8', '4989.75', '795.73'),
	('1700', '8', '4949.8', '796.02'),
	('1701', '8', '5020.83', '801.72'),
	('1702', '8', '5051.64', '793.5'),
	('1703', '8', '5011.09', '790.36'),
	('1704', '8', '5058.34', '804.43'),
	('1705', '8', '5031.91', '800.84'),
	('1706', '8', '4968.82', '800.16'),
	('1707', '8', '4985.34', '797.83'),
	('1708', '8', '4944.38', '798.04'),
	('1709', '8', '5035.22', '804.37'),
	('1710', '8', '5015.72', '808.49'),
	('1711', '8', '5064.48', '808.93'),
	('1712', '8', '5039.02', '806.53'),
	('1713', '8', '4993.98', '791.52'),
	('1714', '8', '5008.97', '810.74'),
	('1715', '8', '5029.47', '795.85'),
	('1716', '8', '4979.49', '803.61'),
	('1717', '8', '4982.09', '802.56'),
	('1718', '8', '4951.85', '794.75'),
	('1719', '8', '4940.52', '793.52'),
	('1720', '8', '5062.96', '805.59'),
	('1721', '8', '4966.27', '808.01'),
	('1722', '8', '5060.43', '809.9'),
	('1723', '8', '5009.64', '802.69'),
	('1724', '8', '5011.4', '805.27'),
	('1725', '8', '5047.64', '810.23'),
	('1726', '8', '4998.88', '795.34'),
	('1727', '8', '5051.16', '795.05'),
	('1728', '8', '4966.32', '804.36'),
	('1729', '8', '4940.87', '797.79'),
	('1730', '8', '4963.91', '805.14'),
	('1731', '8', '4973.72', '804.29'),
	('1732', '8', '5012.93', '796.93'),
	('1733', '8', '4987.8', '797.2'),
	('1734', '8', '5046.71', '797.44'),
	('1735', '8', '4941.45', '802.09'),
	('1736', '8', '5003.86', '802.03'),
	('1737', '8', '4983.71', '794.98'),
	('1738', '8', '4999.45', '802.27'),
	('1739', '8', '5041.32', '810.01'),
	('1740', '8', '5030.37', '799.67'),
	('1741', '8', '5030.32', '801.16'),
	('1742', '8', '5045.61', '809.07'),
	('1743', '8', '5017.39', '790.14'),
	('1744', '8', '4987.98', '794.38'),
	('1745', '8', '5024.62', '808.62'),
	('1746', '8', '5030.91', '806.0'),
	('1747', '8', '4951.53', '790.32'),
	('1748', '8', '5014.31', '808.87'),
	('1749', '8', '5027.65', '795.1'),
	('1750', '8', '5001.01', '795.32'),
	('1751', '8', '4980.3', '806.55'),
	('1752', '8', '5049.55', '801.72'),
	('1753', '8', '4998.1', '797.64'),
	('1754', '8', '4943.17', '796.22'),
	('1755', '8', '4938.59', '789.44'),
	('1756', '8', '5028.51', '808.34'),
	('1757', '8', '5044.77', '795.74'),
	('1758', '8', '5042.48', '811.02'),
	('1759', '8', '4957.75', '805.72'),
	('1760', '8', '5049.86', '794.12'),
	('1761', '8', '4964.11', '804.1'),
	('1762', '8', '5037.46', '789.52'),
	('1763', '8', '5021.19', '793.57'),
	('1764', '8', '4962.69', '790.18'),
	('1765', '8', '4939.58', '796.54'),
	('1766', '8', '5062.66', '810.44'),
	('1767', '8', '4953.37', '800.72'),
	('1768', '8', '4948.98', '800.99'),
	('1769', '8', '5061.53', '793.8'),
	('1770', '8', '5016.35', '806.71'),
	('1771', '8', '4958.32', '804.44'),
	('1772', '8', '4977.24', '789.37'),
	('1773', '8', '5062.56', '800.81'),
	('1774', '8', '4952.79', '803.95'),
	('1775', '8', '4943.79', '800.37'),
	('1776', '8', '5015.89', '802.31'),
	('1777', '8', '4988.61', '810.81'),
	('1778', '8', '5026.23', '807.2'),
	('1779', '8', '4988.21', '800.39'),
	('1780', '8', '4960.12', '793.12'),
	('1781', '8', '4989.5', '794.12'),
	('1782', '8', '4971.66', '800.51'),
	('1783', '8', '4999.09', '808.64'),
	('1784', '8', '4944.05', '800.46'),
	('1785', '8', '5040.91', '790.23'),
	('1786', '8', '5029.81', '804.27'),
	('1787', '8', '5022.25', '803.03'),
	('1788', '8', '5021.48', '792.55'),
	('1789', '8', '4985.6', '790.03'),
	('1790', '8', '4979.71', '810.07'),
	('1791', '8', '5032.87', '803.5'),
	('1792', '8', '4999.02', '809.25'),
	('1793', '8', '5046.29', '800.61'),
	('1794', '8', '4960.05', '790.54'),
	('1795', '8', '5009.06', '792.76'),
	('1796', '8', '4936.07', '796.41'),
	('1797', '8', '4940.43', '798.27'),
	('1798', '8', '5056.22', '810.91'),
	('1799', '8', '5023.13', '805.49'),
	('1800', '8', '4993.54', '809.31'),
	('1801', '8', '5046.85', '793.66'),
	('1802', '8', '4971.27', '790.79'),
	('1803', '8', '4995.93', '798.39'),
	('1804', '8', '4986.81', '794.71'),
	('1805', '8', '4954.14', '797.99'),
	('1806', '8', '5034.34', '800.37'),
	('1807', '8', '5031.71', '790.69'),
	('1808', '8', '5005.77', '795.42'),
	('1809', '8', '5046.27', '794.26'),
	('1810', '8', '4948.07', '799.47'),
	('1811', '8', '5063.7', '793.18'),
	('1812', '8', '4962.12', '805.6'),
	('1813', '8', '4935.56', '800.29'),
	('1814', '8', '5002.85', '807.65'),
	('1815', '8', '4991.92', '800.35'),
	('1816', '8', '4966.94', '791.96'),
	('1817', '8', '4978.24', '789.2'),
	('1818', '8', '5064.28', '797.32'),
	('1819', '8', '5007.62', '803.28'),
	('1820', '8', '5034.78', '802.16'),
	('1821', '8', '4980.83', '794.15'),
	('1822', '8', '5020.89', '802.39'),
	('1823', '8', '5048.77', '811.11'),
	('1824', '8', '5056.26', '789.9'),
	('1825', '8', '5004.67', '804.71'),
	('1826', '8', '4982.42', '810.33'),
	('1827', '8', '4968.44', '794.61'),
	('1828', '8', '4972.59', '793.52'),
	('1829', '8', '4996.76', '805.25'),
	('1830', '8', '5049.53', '807.04'),
	('1831', '8', '4998.1', '809.66'),
	('1832', '8', '4985.99', '804.36'),
	('1833', '8', '5000.9', '808.83'),
	('1834', '8', '5023.89', '807.64'),
	('1835', '8', '4971.3', '792.23'),
	('1836', '8', '4967.96', '792.5'),
	('1837', '8', '4964.95', '799.33'),
	('1838', '8', '4982.87', '799.24'),
	('1839', '8', '4989.58', '798.57'),
	('1840', '8', '5022.55', '804.5'),
	('1841', '8', '5009.19', '807.81'),
	('1842', '8', '4968.19', '799.36'),
	('1843', '8', '5050.23', '806.03'),
	('1844', '8', '5054.26', '804.76'),
	('1845', '8', '5047.83', '793.25'),
	('1846', '8', '4974.26', '798.47'),
	('1847', '8', '4983.93', '793.36'),
	('1848', '8', '5038.57', '792.07'),
	('1849', '8', '4995.45', '804.29'),
	('1850', '8', '4994.78', '798.43'),
	('1851', '8', '4949.27', '800.97'),
	('1852', '8', '5060.09', '796.36'),
	('1853', '8', '5063.62', '799.53'),
	('1854', '8', '5043.64', '790.97'),
	('1855', '8', '5026.62', '800.43'),
	('1856', '8', '4962.05', '808.05'),
	('1857', '8', '5052.87', '810.98'),
	('1858', '8', '5024.08', '806.73'),
	('1859', '8', '5027.42', '795.83'),
	('1860', '8', '5030.06', '808.87'),
	('1861', '8', '5051.14', '801.02'),
	('1862', '8', '4952.15', '801.71'),
	('1863', '8', '5019.62', '789.33'),
	('1864', '8', '4987.23', '797.64'),
	('1865', '8', '5020.37', '808.68'),
	('1866', '8', '4950.9', '808.38'),
	('1867', '8', '4946.05', '800.35'),
	('1868', '8', '4941.93', '803.04'),
	('1869', '8', '4975.41', '806.99'),
	('1870', '8', '4945.46', '791.62'),
	('1871', '8', '4961.65', '793.08'),
	('1872', '8', '5003.84', '795.71'),
	('1873', '8', '4973.75', '794.57'),
	('1874', '8', '5040.81', '794.89'),
	('1875', '8', '5033.52', '807.44'),
	('1876', '8', '5061.74', '804.2'),
	('1877', '8', '5032.61', '798.75'),
	('1878', '8', '4937.55', '799.17'),
	('1879', '8', '4958.21', '805.34'),
	('1880', '8', '5010.36', '808.45'),
	('1881', '8', '5055.68', '789.18'),
	('1882', '8', '4956.06', '806.44'),
	('1883', '8', '4977.87', '796.77'),
	('1884', '8', '5054.21', '805.78'),
	('1885', '8', '4957.56', '796.23'),
	('1886', '8', '5045.44', '788.99'),
	('1887', '8', '5056.92', '801.53'),
	('1888', '8', '5050.37', '789.12'),
	('1889', '8', '5049.83', '795.13'),
	('1890', '8', '5032.91', '794.63'),
	('1891', '8', '5054.61', '796.14'),
	('1892', '8', '4990.78', '799.71'),
	('1893', '8', '5052.51', '799.71'),
	('1894', '8', '4941.63', '803.85'),
	('1895', '8', '5063.4', '793.45'),
	('1896', '8', '5040.78', '793.29'),
	('1897', '8', '4936.89', '799.13'),
	('1898', '8', '4966.65', '793.57'),
	('1899', '8', '4990.92', '793.29'),
	('1900', '8', '4968.23', '790.03'),
	('1901', '8', '4950.94', '808.23'),
	('1902', '8', '5050.35', '807.27'),
	('1903', '8', '5039.4', '810.89'),
	('1904', '8', '4971.24', '800.13'),
	('1905', '8', '4955.85', '797.01'),
	('1906', '8', '4961.06', '806.2'),
	('1907', '8', '4940.5', '796.0'),
	('1908', '8', '5025.18', '793.32'),
	('1909', '8', '5049.34', '791.83'),
	('1910', '8', '4959.79', '795.99'),
	('1911', '8', '4968.12', '804.81'),
	('1912', '8', '4941.59', '804.96'),
	('1913', '8', '4981.41', '807.82'),
	('1914', '8', '4972.44', '799.98'),
	('1915', '8', '5049.38', '809.53'),
	('1916', '8', '5030.19', '796.37'),
	('1917', '8', '4937.99', '798.85'),
	('1918', '8', '5024.07', '796.07'),
	('1919', '8', '5052.43', '802.81'),
	('1920', '8', '5015.9', '800.74'),
	('1921', '8', '4981.9', '803.31'),
	('1922', '8', '5023.99', '796.01'),
	('1923', '8', '5021.76', '800.45'),
	('1924', '8', '4952.98', '801.34'),
	('1925', '8', '4997.02', '791.23'),
	('1926', '8', '4991.98', '807.98'),
	('1927', '8', '4969.66', '796.98'),
	('1928', '8', '4993.71', '802.08'),
	('1929', '8', '5023.55', '802.82'),
	('1930', '8', '5018.38', '804.21'),
	('1931', '8', '5065.11', '797.69'),
	('1932', '8', '4960.11', '797.02'),
	('1933', '8', '4980.39', '798.19'),
	('1934', '8', '4956.04', '802.31'),
	('1935', '8', '5064.51', '805.45'),
	('1936', '8', '5026.27', '806.01'),
	('1937', '8', '4958.26', '799.32'),
	('1938', '8', '4977.12', '790.77'),
	('1939', '8', '4994.24', '794.58'),
	('1940', '8', '5004.78', '792.64'),
	('1941', '8', '4954.78', '792.93'),
	('1942', '8', '4942.91', '808.01'),
	('1943', '8', '4990.65', '808.73'),
	('1944', '8', '4977.2', '807.46'),
	('1945', '8', '4938.74', '810.47'),
	('1946', '8', '5016.31', '802.94'),
	('1947', '8', '4942.11', '790.01'),
	('1948', '8', '5041.75', '795.2'),
	('1949', '8', '4962.87', '799.47'),
	('1950', '8', '4997.57', '790.89'),
	('1951', '8', '4974.84', '792.78'),
	('1952', '8', '4934.87', '806.54'),
	('1953', '8', '5011.71', '808.45'),
	('1954', '8', '4937.49', '794.57'),
	('1955', '8', '5041.71', '803.84'),
	('1956', '8', '4970.12', '798.07'),
	('1957', '8', '4988.78', '803.41'),
	('1958', '8', '4946.58', '797.36'),
	('1959', '8', '4973.86', '796.88'),
	('1960', '8', '4966.67', '791.4'),
	('1961', '8', '4957.87', '798.05'),
	('1962', '8', '5056.83', '794.05'),
	('1963', '8', '4958.94', '795.97'),
	('1964', '8', '5036.21', '811.05'),
	('1965', '8', '5032.94', '792.86'),
	('1966', '8', '5044.82', '791.57'),
	('1967', '8', '5043.59', '803.07'),
	('1968', '8', '5046.0', '795.76'),
	('1969', '8', '4939.31', '792.93'),
	('1970', '8', '4996.14', '792.97'),
	('1971', '8', '4997.61', '810.27'),
	('1972', '8', '4969.53', '799.96'),
	('1973', '8', '5000.03', '803.21'),
	('1974', '8', '5019.88', '798.59'),
	('1975', '8', '5055.45', '805.53'),
	('1976', '8', '5019.18', '805.53'),
	('1977', '8', '4967.98', '793.41'),
	('1978', '8', '5028.44', '805.43'),
	('1979', '8', '4990.83', '802.87'),
	('1980', '8', '4993.59', '800.51'),
	('1981', '8', '5015.47', '795.28'),
	('1982', '8', '5051.83', '789.89'),
	('1983', '8', '5064.29', '807.47'),
	('1984', '8', '5026.06', '806.34'),
	('1985', '8', '5013.78', '789.26'),
	('1986', '8', '5053.84', '808.3'),
	('1987', '8', '5013.11', '800.3'),
	('1988', '8', '4956.64', '789.94'),
	('1989', '8', '4935.57', '792.92'),
	('1990', '8', '5026.32', '790.69'),
	('1991', '8', '4998.23', '806.25'),
	('1992', '8', '4957.53', '793.84'),
	('1993', '8', '4987.94', '800.86'),
	('1994', '8', '5046.03', '805.04'),
	('1995', '8', '4996.84', '807.84'),
	('1996', '8', '5012.72', '805.28'),
	('1997', '8', '5047.74', '806.2'),
	('1998', '8', '5012.81', '799.06'),
	('1999', '8', '4949.09', '796.88'),
	('2000', '8', '4954.9', '799.18');

	insert into OutputProductMeasurements(IdMeasurement, IdProcess, MeasuredLenght, MeasuredWidth)
values
	('2001', '8', '5053.74', '791.29'),
	('2002', '8', '4989.14', '811.05'),
	('2003', '8', '4985.8', '795.45'),
	('2004', '8', '5019.87', '802.43'),
	('2005', '8', '5019.7', '808.88'),
	('2006', '8', '5061.65', '806.57'),
	('2007', '8', '5063.54', '806.49'),
	('2008', '8', '5009.53', '791.33'),
	('2009', '8', '5003.34', '802.61'),
	('2010', '8', '4935.74', '795.48'),
	('2011', '8', '5061.68', '805.87'),
	('2012', '8', '5037.72', '800.65'),
	('2013', '8', '5000.96', '789.63'),
	('2014', '8', '4950.52', '802.75'),
	('2015', '8', '5002.63', '808.7'),
	('2016', '8', '5020.96', '795.36'),
	('2017', '8', '4970.26', '801.32'),
	('2018', '8', '5042.68', '796.8'),
	('2019', '8', '4963.25', '804.37'),
	('2020', '8', '4991.87', '797.51'),
	('2021', '8', '5023.41', '807.88'),
	('2022', '8', '4996.13', '803.21'),
	('2023', '8', '5052.89', '811.03'),
	('2024', '8', '5025.68', '799.52'),
	('2025', '8', '4942.66', '799.05'),
	('2026', '8', '5039.45', '807.24'),
	('2027', '8', '5041.37', '789.2'),
	('2028', '8', '4968.68', '792.04'),
	('2029', '8', '5003.94', '808.45'),
	('2030', '8', '5003.85', '799.72'),
	('2031', '8', '4971.05', '808.85'),
	('2032', '8', '5010.89', '793.69'),
	('2033', '8', '4996.34', '801.5'),
	('2034', '8', '4990.6', '804.69'),
	('2035', '8', '5007.17', '790.34'),
	('2036', '8', '5029.43', '804.61'),
	('2037', '8', '5035.66', '794.95'),
	('2038', '8', '4940.13', '795.3'),
	('2039', '8', '5029.69', '795.63'),
	('2040', '8', '4973.0', '801.94'),
	('2041', '8', '5053.37', '807.79'),
	('2042', '8', '5018.58', '790.33'),
	('2043', '8', '5032.48', '801.15'),
	('2044', '8', '4944.09', '793.56'),
	('2045', '8', '5048.2', '809.98'),
	('2046', '8', '5037.81', '807.2'),
	('2047', '8', '5005.96', '790.46'),
	('2048', '8', '5048.63', '792.74'),
	('2049', '8', '4944.61', '793.92'),
	('2050', '8', '5040.3', '809.21'),
	('2051', '8', '4953.13', '797.69'),
	('2052', '8', '4943.07', '793.99'),
	('2053', '8', '5063.48', '798.43'),
	('2054', '8', '5027.18', '791.57'),
	('2055', '8', '4958.17', '799.54'),
	('2056', '8', '5049.29', '802.62'),
	('2057', '8', '4961.93', '807.96'),
	('2058', '8', '5023.6', '795.17'),
	('2059', '8', '5017.71', '789.48'),
	('2060', '8', '5059.48', '797.73'),
	('2061', '8', '4977.71', '793.27'),
	('2062', '8', '5043.1', '801.37'),
	('2063', '8', '5065.14', '797.93'),
	('2064', '8', '4974.47', '793.76'),
	('2065', '8', '4968.61', '791.86'),
	('2066', '8', '4968.11', '791.96'),
	('2067', '9', '5039.56', '798.7'),
	('2068', '9', '5060.17', '806.76'),
	('2069', '9', '5026.5', '804.35'),
	('2070', '9', '5008.33', '795.78'),
	('2071', '9', '5035.34', '808.39'),
	('2072', '9', '4967.21', '793.12'),
	('2073', '9', '5074.45', '790.48'),
	('2074', '9', '4980.07', '804.77'),
	('2075', '9', '5028.34', '810.15'),
	('2076', '9', '5053.94', '795.0'),
	('2077', '9', '5037.4', '796.81'),
	('2078', '9', '4947.21', '805.39'),
	('2079', '9', '5010.42', '791.44'),
	('2080', '9', '5002.47', '795.2'),
	('2081', '9', '4946.75', '795.46'),
	('2082', '9', '4944.32', '789.86'),
	('2083', '9', '5019.66', '801.39'),
	('2084', '9', '5073.47', '794.18'),
	('2085', '9', '4935.51', '797.27'),
	('2086', '9', '5036.63', '794.07'),
	('2087', '9', '5032.05', '801.31'),
	('2088', '9', '4963.23', '791.7'),
	('2089', '9', '5066.99', '801.27'),
	('2090', '9', '5027.21', '799.15'),
	('2091', '9', '5003.52', '798.97'),
	('2092', '9', '4933.36', '792.74'),
	('2093', '9', '5071.97', '807.57'),
	('2094', '9', '5007.5', '802.29'),
	('2095', '9', '5060.1', '794.27'),
	('2096', '9', '5035.87', '796.58'),
	('2097', '9', '5060.47', '790.87'),
	('2098', '9', '5050.42', '808.44'),
	('2099', '9', '5042.24', '788.9'),
	('2100', '9', '5007.72', '807.01'),
	('2101', '9', '5052.56', '793.29'),
	('2102', '9', '4994.8', '796.4'),
	('2103', '9', '4979.47', '809.84'),
	('2104', '9', '5054.8', '803.86'),
	('2105', '9', '5054.08', '791.48'),
	('2106', '9', '5064.26', '805.52'),
	('2107', '9', '5055.4', '792.74'),
	('2108', '9', '5062.62', '793.23'),
	('2109', '9', '5064.11', '810.23'),
	('2110', '9', '5029.83', '803.25'),
	('2111', '9', '4955.78', '803.46'),
	('2112', '9', '4929.72', '803.03'),
	('2113', '9', '5022.53', '797.44'),
	('2114', '9', '4985.09', '798.43'),
	('2115', '9', '5043.73', '807.3'),
	('2116', '9', '5016.78', '799.86'),
	('2117', '9', '4970.74', '810.43'),
	('2118', '9', '5059.99', '791.02'),
	('2119', '9', '5013.45', '795.59'),
	('2120', '9', '4971.52', '792.99'),
	('2121', '9', '4942.48', '807.71'),
	('2122', '9', '5007.07', '797.22'),
	('2123', '9', '5059.05', '796.49'),
	('2124', '9', '5055.07', '798.74'),
	('2125', '9', '4948.97', '799.71'),
	('2126', '9', '5034.85', '789.13'),
	('2127', '9', '5045.28', '794.04'),
	('2128', '9', '4960.74', '792.75'),
	('2129', '9', '5000.27', '802.07'),
	('2130', '9', '5010.87', '803.71'),
	('2131', '9', '5073.82', '809.72'),
	('2132', '9', '5034.47', '801.79'),
	('2133', '9', '5075.35', '789.94'),
	('2134', '9', '5058.35', '806.65'),
	('2135', '9', '4945.16', '798.99'),
	('2136', '9', '5013.2', '803.27'),
	('2137', '9', '5052.82', '803.12'),
	('2138', '9', '4980.97', '802.66'),
	('2139', '9', '4947.88', '802.56'),
	('2140', '9', '4986.01', '804.44'),
	('2141', '9', '5004.66', '804.42'),
	('2142', '9', '5001.45', '805.17'),
	('2143', '9', '4952.96', '795.76'),
	('2144', '9', '4985.22', '802.34'),
	('2145', '9', '5033.67', '798.05'),
	('2146', '9', '4959.77', '797.68'),
	('2147', '9', '4967.81', '809.4'),
	('2148', '9', '5065.87', '790.87'),
	('2149', '9', '5044.74', '796.01'),
	('2150', '9', '5073.94', '789.86'),
	('2151', '9', '5005.13', '801.4'),
	('2152', '9', '5058.29', '798.05'),
	('2153', '9', '4933.77', '802.65'),
	('2154', '9', '5043.13', '801.13'),
	('2155', '9', '4928.4', '801.15'),
	('2156', '9', '5026.91', '793.36'),
	('2157', '9', '4937.09', '792.07'),
	('2158', '9', '4965.67', '808.1'),
	('2159', '9', '5025.91', '800.79'),
	('2160', '9', '4974.84', '789.65'),
	('2161', '9', '5018.9', '799.77'),
	('2162', '9', '5009.18', '808.07'),
	('2163', '9', '4957.09', '790.47'),
	('2164', '9', '5018.93', '797.75'),
	('2165', '9', '5041.54', '808.17'),
	('2166', '9', '4960.04', '791.26'),
	('2167', '9', '4994.85', '800.4'),
	('2168', '9', '4953.69', '797.21'),
	('2169', '9', '4934.98', '806.87'),
	('2170', '9', '4993.63', '807.57'),
	('2171', '9', '5017.84', '793.04'),
	('2172', '9', '4956.53', '792.58'),
	('2173', '9', '5011.59', '809.82'),
	('2174', '9', '5062.36', '799.04'),
	('2175', '9', '5000.03', '811.11'),
	('2176', '9', '5072.64', '805.2'),
	('2177', '9', '5066.34', '789.18'),
	('2178', '9', '4951.33', '805.88'),
	('2179', '9', '5002.25', '805.57'),
	('2180', '9', '5056.89', '798.14'),
	('2181', '9', '5062.34', '798.45'),
	('2182', '9', '5005.44', '800.92'),
	('2183', '9', '5043.75', '796.84'),
	('2184', '9', '5030.79', '797.25'),
	('2185', '9', '5008.11', '795.84'),
	('2186', '9', '4972.07', '798.76'),
	('2187', '9', '4971.57', '790.84'),
	('2188', '9', '4963.2', '811.09'),
	('2189', '9', '4952.3', '794.76'),
	('2190', '9', '5033.12', '797.24'),
	('2191', '9', '5015.7', '806.62'),
	('2192', '9', '4924.99', '790.65'),
	('2193', '9', '4985.29', '802.08'),
	('2194', '9', '5051.44', '797.24'),
	('2195', '9', '5046.22', '806.85'),
	('2196', '9', '5015.78', '795.99'),
	('2197', '9', '5019.18', '802.77'),
	('2198', '9', '5021.07', '790.18'),
	('2199', '9', '5066.2', '809.63'),
	('2200', '9', '5067.35', '802.19'),
	('2201', '9', '5048.24', '810.2'),
	('2202', '9', '5061.93', '805.67'),
	('2203', '9', '4991.0', '800.47'),
	('2204', '9', '4994.9', '791.42'),
	('2205', '9', '4970.87', '798.51'),
	('2206', '9', '5033.19', '791.25'),
	('2207', '9', '5031.27', '790.56'),
	('2208', '9', '4930.35', '792.03'),
	('2209', '9', '4997.05', '807.7'),
	('2210', '9', '5060.35', '803.68'),
	('2211', '9', '4925.46', '810.31'),
	('2212', '9', '4923.93', '799.85'),
	('2213', '9', '5015.22', '800.21'),
	('2214', '9', '5070.25', '792.5'),
	('2215', '9', '5001.78', '793.77'),
	('2216', '9', '4969.95', '806.9'),
	('2217', '9', '4985.1', '808.93'),
	('2218', '9', '5060.48', '797.27'),
	('2219', '9', '5029.46', '802.62'),
	('2220', '9', '4937.42', '805.22'),
	('2221', '9', '5048.78', '809.41'),
	('2222', '9', '4946.09', '796.13'),
	('2223', '9', '4930.52', '797.9'),
	('2224', '9', '5004.6', '801.91'),
	('2225', '9', '5046.17', '793.93'),
	('2226', '9', '5003.63', '807.43'),
	('2227', '9', '4932.61', '800.37'),
	('2228', '9', '5033.85', '806.4'),
	('2229', '9', '5074.9', '788.96'),
	('2230', '9', '5075.32', '791.72'),
	('2231', '9', '5021.94', '807.72'),
	('2232', '9', '4952.92', '805.27'),
	('2233', '9', '4992.3', '801.38'),
	('2234', '9', '4994.31', '807.35'),
	('2235', '9', '4954.23', '807.38'),
	('2236', '9', '4953.69', '795.32'),
	('2237', '9', '5027.41', '806.01'),
	('2238', '9', '4981.52', '789.14'),
	('2239', '9', '4953.29', '792.86'),
	('2240', '9', '4938.02', '798.28'),
	('2241', '9', '4970.25', '795.31'),
	('2242', '9', '5073.23', '798.15'),
	('2243', '9', '5042.1', '802.08'),
	('2244', '9', '4950.08', '798.53'),
	('2245', '9', '4950.08', '807.13'),
	('2246', '9', '4955.17', '809.57'),
	('2247', '9', '5000.97', '790.71'),
	('2248', '9', '4976.06', '793.35'),
	('2249', '9', '5010.63', '790.59'),
	('2250', '9', '4996.68', '809.94'),
	('2251', '9', '5020.44', '803.88'),
	('2252', '9', '4976.92', '808.04'),
	('2253', '9', '4983.18', '801.49'),
	('2254', '9', '4935.46', '810.86'),
	('2255', '9', '4955.82', '803.15'),
	('2256', '9', '5028.1', '804.42'),
	('2257', '9', '5031.3', '809.69'),
	('2258', '9', '4975.55', '801.91'),
	('2259', '9', '5033.15', '810.13'),
	('2260', '9', '5067.6', '794.54'),
	('2261', '9', '5040.09', '798.51'),
	('2262', '9', '5072.95', '798.38'),
	('2263', '9', '5030.41', '794.44'),
	('2264', '9', '5071.07', '789.1'),
	('2265', '9', '4989.75', '791.53'),
	('2266', '9', '5003.71', '795.56'),
	('2267', '9', '4955.2', '805.29'),
	('2268', '9', '5034.29', '796.34'),
	('2269', '9', '4967.68', '807.19'),
	('2270', '9', '4970.28', '791.61'),
	('2271', '9', '5005.44', '789.35'),
	('2272', '9', '5030.41', '804.49'),
	('2273', '9', '4951.19', '789.69'),
	('2274', '9', '4930.19', '794.67'),
	('2275', '9', '5071.58', '790.55'),
	('2276', '9', '5017.81', '800.8'),
	('2277', '9', '5064.66', '810.25'),
	('2278', '9', '4932.21', '809.9'),
	('2279', '9', '4959.61', '808.06'),
	('2280', '9', '5018.5', '804.09'),
	('2281', '9', '4940.58', '799.39'),
	('2282', '9', '5037.03', '804.96'),
	('2283', '9', '4967.39', '803.83'),
	('2284', '9', '5009.38', '810.38'),
	('2285', '9', '5050.66', '804.61'),
	('2286', '9', '5046.44', '805.48'),
	('2287', '9', '5051.84', '807.87'),
	('2288', '9', '4937.25', '804.8'),
	('2289', '9', '5048.96', '791.85'),
	('2290', '9', '4995.14', '808.33'),
	('2291', '9', '5007.83', '809.13'),
	('2292', '9', '4973.26', '789.35'),
	('2293', '9', '4976.14', '811.09'),
	('2294', '9', '4939.55', '809.85'),
	('2295', '9', '4969.97', '794.71'),
	('2296', '9', '4943.5', '804.1'),
	('2297', '9', '5028.98', '790.71'),
	('2298', '9', '5030.45', '807.03'),
	('2299', '9', '4924.12', '803.06'),
	('2300', '9', '5047.95', '800.5'),
	('2301', '9', '4946.54', '807.27'),
	('2302', '9', '5000.32', '808.57'),
	('2303', '9', '5011.26', '810.21'),
	('2304', '9', '4982.46', '794.85'),
	('2305', '9', '4934.97', '806.97'),
	('2306', '9', '5005.28', '809.61'),
	('2307', '9', '5074.42', '789.77'),
	('2308', '9', '4950.96', '792.84'),
	('2309', '9', '4994.74', '807.33'),
	('2310', '9', '4974.03', '796.05'),
	('2311', '9', '4975.8', '791.04'),
	('2312', '9', '4964.56', '809.89'),
	('2313', '9', '5024.16', '797.49'),
	('2314', '9', '5030.07', '793.39'),
	('2315', '9', '4931.46', '805.85'),
	('2316', '9', '4988.85', '800.59'),
	('2317', '9', '5009.95', '792.07'),
	('2318', '9', '5003.3', '793.07'),
	('2319', '9', '5043.93', '806.19'),
	('2320', '9', '5043.07', '792.8'),
	('2321', '9', '5063.81', '797.45'),
	('2322', '9', '5031.46', '795.45'),
	('2323', '9', '5028.32', '789.08'),
	('2324', '9', '5005.94', '803.85'),
	('2325', '9', '4950.38', '794.24'),
	('2326', '9', '4924.41', '808.13'),
	('2327', '9', '5065.85', '809.22'),
	('2328', '9', '5036.57', '793.65'),
	('2329', '9', '5076.23', '801.42'),
	('2330', '9', '5067.82', '799.02'),
	('2331', '9', '4931.22', '810.64'),
	('2332', '9', '4958.91', '794.18'),
	('2333', '9', '5072.91', '806.09'),
	('2334', '9', '4984.56', '791.01'),
	('2335', '9', '4924.84', '797.84'),
	('2336', '9', '5015.32', '800.36'),
	('2337', '9', '5026.76', '793.9'),
	('2338', '9', '5052.66', '803.14'),
	('2339', '9', '5012.73', '793.73'),
	('2340', '9', '5018.48', '810.93'),
	('2341', '9', '5064.47', '790.02'),
	('2342', '9', '4986.81', '806.06'),
	('2343', '9', '5070.03', '795.85'),
	('2344', '9', '5042.73', '790.83'),
	('2345', '9', '4932.89', '802.67'),
	('2346', '9', '4945.45', '799.77'),
	('2347', '9', '5010.8', '791.18'),
	('2348', '9', '5070.24', '800.87'),
	('2349', '9', '4996.13', '795.11'),
	('2350', '9', '4929.71', '810.75'),
	('2351', '9', '4991.84', '803.67'),
	('2352', '9', '5015.17', '796.44'),
	('2353', '9', '4934.77', '798.0'),
	('2354', '9', '5057.02', '796.41'),
	('2355', '9', '5049.57', '795.49'),
	('2356', '9', '4951.95', '805.41'),
	('2357', '9', '5021.16', '788.97'),
	('2358', '9', '4939.36', '810.51'),
	('2359', '9', '5057.9', '794.11'),
	('2360', '9', '5053.65', '792.71'),
	('2361', '9', '5055.43', '810.37'),
	('2362', '9', '5004.25', '808.18'),
	('2363', '9', '4979.4', '794.78'),
	('2364', '9', '5004.85', '806.06'),
	('2365', '9', '5014.45', '792.57'),
	('2366', '9', '5062.99', '807.37'),
	('2367', '9', '4925.68', '790.14'),
	('2368', '9', '5054.83', '789.09'),
	('2369', '9', '5074.52', '798.36'),
	('2370', '9', '5022.54', '797.83'),
	('2371', '9', '4980.57', '800.24'),
	('2372', '9', '4925.54', '791.7'),
	('2373', '9', '5059.09', '803.61'),
	('2374', '9', '4983.62', '793.73'),
	('2375', '9', '4964.25', '810.88'),
	('2376', '9', '5055.04', '804.24'),
	('2377', '9', '5065.64', '799.86'),
	('2378', '9', '4958.05', '789.25'),
	('2379', '9', '5017.41', '794.43'),
	('2380', '9', '4948.64', '796.42'),
	('2381', '9', '5058.97', '793.01'),
	('2382', '9', '4933.54', '796.64'),
	('2383', '9', '4944.53', '801.2'),
	('2384', '9', '5013.63', '804.07'),
	('2385', '9', '4979.76', '797.39'),
	('2386', '9', '5065.86', '810.13'),
	('2387', '9', '5064.8', '795.98'),
	('2388', '9', '5067.4', '789.15'),
	('2389', '9', '5012.36', '807.48'),
	('2390', '9', '5047.92', '799.48'),
	('2391', '9', '4978.4', '810.41'),
	('2392', '9', '4992.67', '809.03'),
	('2393', '9', '5031.09', '791.67'),
	('2394', '9', '4965.47', '799.31'),
	('2395', '9', '4987.94', '794.08'),
	('2396', '9', '5066.77', '810.54'),
	('2397', '9', '4992.25', '796.76'),
	('2398', '9', '5009.74', '800.05'),
	('2399', '9', '5002.26', '794.62'),
	('2400', '9', '4997.18', '801.59'),
	('2401', '9', '4999.97', '810.77'),
	('2402', '9', '5005.81', '803.76'),
	('2403', '9', '4945.41', '803.66'),
	('2404', '9', '4997.11', '794.58'),
	('2405', '9', '4927.44', '800.9'),
	('2406', '9', '4948.36', '804.08'),
	('2407', '9', '5019.2', '801.0'),
	('2408', '9', '4928.61', '794.97'),
	('2409', '9', '4983.57', '800.8'),
	('2410', '9', '4955.93', '799.2'),
	('2411', '9', '5002.17', '803.03'),
	('2412', '9', '4989.66', '793.23'),
	('2413', '9', '4991.86', '796.49'),
	('2414', '9', '4957.14', '790.1'),
	('2415', '9', '4960.9', '804.39'),
	('2416', '9', '5059.04', '807.46'),
	('2417', '9', '4944.22', '808.76'),
	('2418', '9', '5034.24', '792.27'),
	('2419', '9', '4931.86', '800.16'),
	('2420', '9', '4937.77', '795.77'),
	('2421', '9', '5074.54', '795.95'),
	('2422', '9', '5025.66', '800.71'),
	('2423', '9', '4988.89', '801.94'),
	('2424', '9', '4975.0', '795.09'),
	('2425', '9', '5026.83', '792.2'),
	('2426', '9', '5045.59', '799.02'),
	('2427', '9', '4930.06', '806.62'),
	('2428', '9', '4946.19', '804.25'),
	('2429', '9', '4986.72', '807.82'),
	('2430', '9', '4962.67', '800.32'),
	('2431', '9', '5041.01', '801.86'),
	('2432', '9', '5036.69', '808.18'),
	('2433', '9', '4993.37', '796.87'),
	('2434', '9', '5066.73', '809.76'),
	('2435', '9', '4956.67', '797.96'),
	('2436', '9', '4927.15', '802.87'),
	('2437', '9', '5001.93', '804.6'),
	('2438', '9', '5045.48', '788.93'),
	('2439', '9', '4976.87', '793.26'),
	('2440', '9', '5003.8', '809.19'),
	('2441', '9', '5035.74', '794.5'),
	('2442', '9', '5062.3', '796.47'),
	('2443', '9', '5050.64', '797.81'),
	('2444', '9', '5050.63', '795.58'),
	('2445', '9', '5035.5', '810.09'),
	('2446', '9', '5005.96', '792.4'),
	('2447', '9', '5020.0', '800.69'),
	('2448', '9', '5070.8', '803.11'),
	('2449', '9', '5054.44', '797.16'),
	('2450', '9', '5032.96', '793.63'),
	('2451', '9', '4989.07', '801.75'),
	('2452', '9', '4927.42', '805.28'),
	('2453', '9', '5012.11', '798.68'),
	('2454', '9', '5049.12', '807.58'),
	('2455', '9', '5006.38', '808.81'),
	('2456', '9', '5016.99', '807.26'),
	('2457', '9', '4934.36', '807.96'),
	('2458', '9', '4929.02', '811.11'),
	('2459', '9', '4994.91', '811.1'),
	('2460', '9', '4977.74', '801.18'),
	('2461', '9', '5018.85', '797.69'),
	('2462', '9', '5033.13', '794.5'),
	('2463', '9', '4948.64', '797.59'),
	('2464', '9', '4962.75', '799.55'),
	('2465', '9', '5046.12', '799.52'),
	('2466', '9', '5008.37', '805.7'),
	('2467', '9', '5028.73', '804.09'),
	('2468', '9', '5002.7', '793.84'),
	('2469', '9', '5014.99', '805.5'),
	('2470', '9', '4973.22', '795.04'),
	('2471', '9', '4984.11', '798.78'),
	('2472', '9', '5020.0', '795.84'),
	('2473', '9', '5030.02', '795.54'),
	('2474', '9', '5054.28', '799.34'),
	('2475', '9', '4924.66', '803.96'),
	('2476', '9', '4951.8', '805.05'),
	('2477', '9', '4929.81', '809.99'),
	('2478', '9', '5006.03', '807.71'),
	('2479', '9', '5049.46', '803.4'),
	('2480', '9', '5056.23', '795.07'),
	('2481', '9', '5012.11', '796.36'),
	('2482', '9', '5049.89', '806.72'),
	('2483', '9', '4951.4', '795.48'),
	('2484', '9', '4924.99', '795.33'),
	('2485', '9', '4939.04', '802.17'),
	('2486', '9', '5044.91', '810.2'),
	('2487', '9', '4942.75', '796.8'),
	('2488', '9', '5006.63', '790.74'),
	('2489', '9', '4960.66', '807.49'),
	('2490', '9', '4985.97', '797.73'),
	('2491', '9', '5010.88', '795.21'),
	('2492', '9', '5072.39', '810.43'),
	('2493', '9', '4983.57', '806.05'),
	('2494', '9', '5027.51', '805.45'),
	('2495', '9', '4976.6', '800.56'),
	('2496', '9', '4951.15', '804.9'),
	('2497', '9', '5043.4', '790.74'),
	('2498', '9', '4993.44', '810.08'),
	('2499', '9', '4974.63', '795.71'),
	('2500', '9', '5005.03', '803.75'),
	('2501', '9', '5001.94', '801.81'),
	('2502', '9', '5017.72', '802.06'),
	('2503', '9', '5068.27', '797.47'),
	('2504', '9', '5047.32', '791.52'),
	('2505', '9', '5061.73', '796.7'),
	('2506', '9', '4929.45', '804.08'),
	('2507', '9', '5012.31', '810.71'),
	('2508', '9', '4940.57', '803.93'),
	('2509', '9', '4971.69', '797.95'),
	('2510', '9', '4950.47', '797.43'),
	('2511', '9', '4992.96', '803.07'),
	('2512', '9', '4962.04', '797.49'),
	('2513', '9', '4957.3', '798.45'),
	('2514', '9', '5019.38', '802.24'),
	('2515', '9', '5037.47', '802.83'),
	('2516', '9', '5043.07', '791.55'),
	('2517', '9', '4940.66', '806.39'),
	('2518', '9', '4959.49', '805.27'),
	('2519', '9', '4988.15', '789.5'),
	('2520', '9', '5066.88', '802.49'),
	('2521', '9', '5007.4', '790.22'),
	('2522', '9', '4982.83', '804.02'),
	('2523', '9', '5044.77', '802.75'),
	('2524', '9', '4984.71', '803.14'),
	('2525', '9', '5064.22', '808.45'),
	('2526', '9', '5023.27', '800.26'),
	('2527', '9', '5008.24', '803.4'),
	('2528', '9', '5014.3', '800.72'),
	('2529', '9', '5043.23', '807.19'),
	('2530', '9', '4946.26', '802.64'),
	('2531', '9', '5054.25', '801.47'),
	('2532', '9', '5040.74', '794.6'),
	('2533', '9', '5017.49', '799.11'),
	('2534', '9', '5035.6', '810.0'),
	('2535', '9', '5005.55', '793.57'),
	('2536', '9', '5068.18', '796.06'),
	('2537', '9', '5033.07', '808.04'),
	('2538', '9', '4951.7', '808.57'),
	('2539', '9', '4948.41', '798.68'),
	('2540', '9', '5037.44', '807.03'),
	('2541', '9', '5011.89', '790.67'),
	('2542', '9', '5019.33', '794.69'),
	('2543', '9', '4939.85', '809.3'),
	('2544', '9', '4952.1', '789.36'),
	('2545', '9', '5030.6', '810.5'),
	('2546', '9', '5008.03', '794.35'),
	('2547', '9', '5069.22', '808.89'),
	('2548', '9', '5059.4', '792.32'),
	('2549', '9', '4995.53', '795.94'),
	('2550', '9', '5009.32', '800.32'),
	('2551', '9', '4941.31', '806.51'),
	('2552', '9', '4944.86', '802.79'),
	('2553', '9', '5019.05', '796.21'),
	('2554', '9', '5034.05', '789.13'),
	('2555', '9', '4926.04', '804.27'),
	('2556', '9', '5071.19', '808.34'),
	('2557', '9', '5060.71', '795.6'),
	('2558', '9', '5024.29', '793.28'),
	('2559', '9', '4979.9', '791.42'),
	('2560', '9', '5017.39', '790.75'),
	('2561', '9', '4992.16', '792.22'),
	('2562', '9', '5004.23', '800.19'),
	('2563', '9', '5016.33', '790.9'),
	('2564', '9', '4962.36', '790.72'),
	('2565', '9', '5023.0', '790.41'),
	('2566', '9', '4961.52', '792.12'),
	('2567', '9', '5039.51', '794.24'),
	('2568', '9', '4972.47', '802.12'),
	('2569', '9', '5062.89', '804.71'),
	('2570', '9', '4960.7', '793.09'),
	('2571', '9', '4992.49', '789.38'),
	('2572', '9', '5068.4', '809.41'),
	('2573', '9', '5056.32', '804.38'),
	('2574', '9', '5071.55', '794.45'),
	('2575', '9', '5041.13', '789.21'),
	('2576', '9', '5071.08', '811.08'),
	('2577', '9', '4933.18', '806.29'),
	('2578', '9', '5004.12', '798.4'),
	('2579', '9', '5042.84', '808.32'),
	('2580', '9', '4937.05', '799.29'),
	('2581', '9', '4949.95', '800.6'),
	('2582', '9', '4983.58', '803.94'),
	('2583', '9', '5012.4', '807.69'),
	('2584', '9', '4955.24', '803.08'),
	('2585', '9', '5040.91', '802.3'),
	('2586', '9', '5006.45', '803.01'),
	('2587', '9', '4947.56', '791.52'),
	('2588', '9', '5007.1', '807.39'),
	('2589', '9', '4965.33', '798.27'),
	('2590', '9', '5070.17', '800.33'),
	('2591', '9', '4929.67', '810.45'),
	('2592', '9', '4989.11', '794.14'),
	('2593', '9', '4938.42', '808.92'),
	('2594', '9', '5010.45', '801.13'),
	('2595', '9', '5036.91', '789.16'),
	('2596', '9', '5056.14', '805.89'),
	('2597', '9', '4973.13', '792.41'),
	('2598', '9', '5021.3', '805.22'),
	('2599', '9', '4952.15', '793.57'),
	('2600', '9', '5063.08', '793.13'),
	('2601', '9', '5001.11', '808.34'),
	('2602', '9', '5034.38', '800.51'),
	('2603', '9', '5015.03', '804.35'),
	('2604', '9', '4947.62', '806.85'),
	('2605', '9', '4995.81', '789.54'),
	('2606', '9', '4995.7', '798.72'),
	('2607', '9', '4971.71', '798.26'),
	('2608', '9', '5005.16', '810.01'),
	('2609', '9', '5048.59', '809.11'),
	('2610', '9', '5064.03', '806.75'),
	('2611', '9', '4985.81', '804.31'),
	('2612', '9', '5007.27', '803.55'),
	('2613', '9', '5068.51', '806.76'),
	('2614', '9', '4924.94', '807.61'),
	('2615', '9', '4997.82', '790.17'),
	('2616', '9', '4934.14', '802.9'),
	('2617', '9', '5050.56', '806.11'),
	('2618', '9', '4982.18', '810.86'),
	('2619', '9', '4992.03', '791.27'),
	('2620', '9', '5018.35', '795.68'),
	('2621', '9', '4951.49', '808.0'),
	('2622', '9', '5032.13', '799.87'),
	('2623', '9', '5059.35', '797.08'),
	('2624', '9', '5046.92', '810.14'),
	('2625', '9', '4976.87', '792.2'),
	('2626', '9', '4968.12', '809.19'),
	('2627', '9', '5025.97', '800.82'),
	('2628', '9', '5011.21', '808.59'),
	('2629', '9', '4977.44', '793.79'),
	('2630', '9', '5010.03', '809.1'),
	('2631', '9', '4927.5', '799.48'),
	('2632', '9', '4983.22', '793.64'),
	('2633', '9', '5022.56', '794.84'),
	('2634', '9', '4956.5', '798.93'),
	('2635', '9', '5022.48', '800.86'),
	('2636', '9', '4997.79', '801.33'),
	('2637', '9', '4946.93', '807.42'),
	('2638', '9', '4955.42', '798.47'),
	('2639', '9', '4995.86', '804.72'),
	('2640', '9', '4942.6', '788.98'),
	('2641', '9', '4985.46', '797.37'),
	('2642', '9', '4945.35', '799.68'),
	('2643', '9', '5015.45', '797.13'),
	('2644', '9', '5005.67', '791.96'),
	('2645', '9', '5032.63', '806.85'),
	('2646', '9', '4999.31', '807.04'),
	('2647', '9', '5034.42', '804.45'),
	('2648', '9', '5023.52', '803.14'),
	('2649', '9', '5071.92', '800.0'),
	('2650', '9', '5031.17', '802.65'),
	('2651', '9', '4985.5', '805.36'),
	('2652', '9', '4961.81', '796.98'),
	('2653', '9', '4970.56', '810.55'),
	('2654', '9', '4940.42', '793.17'),
	('2655', '9', '4996.94', '808.1'),
	('2656', '9', '5046.6', '811.1'),
	('2657', '9', '5049.04', '799.17'),
	('2658', '9', '4993.45', '804.18'),
	('2659', '9', '5020.11', '795.72'),
	('2660', '9', '4996.86', '793.54'),
	('2661', '9', '4937.83', '810.17'),
	('2662', '9', '4981.67', '799.32'),
	('2663', '9', '4960.35', '789.68'),
	('2664', '9', '4966.04', '793.78'),
	('2665', '9', '4964.6', '803.24'),
	('2666', '9', '5058.83', '793.27'),
	('2667', '9', '5066.38', '795.0'),
	('2668', '9', '5062.41', '789.75'),
	('2669', '9', '4974.32', '810.77'),
	('2670', '9', '5051.55', '796.61'),
	('2671', '9', '4927.73', '793.2'),
	('2672', '9', '4950.43', '806.71'),
	('2673', '9', '5030.68', '801.4'),
	('2674', '9', '5048.74', '806.93'),
	('2675', '9', '4941.15', '796.13'),
	('2676', '9', '4966.0', '791.36'),
	('2677', '9', '5013.66', '802.86'),
	('2678', '9', '4974.48', '805.67'),
	('2679', '9', '5014.36', '797.42'),
	('2680', '9', '4969.29', '810.06'),
	('2681', '9', '4977.41', '805.92'),
	('2682', '9', '4991.97', '796.71'),
	('2683', '9', '4976.3', '794.76'),
	('2684', '9', '5032.93', '800.49'),
	('2685', '9', '4955.58', '808.7'),
	('2686', '9', '5054.85', '810.6'),
	('2687', '9', '4987.79', '807.58'),
	('2688', '9', '4958.03', '793.67'),
	('2689', '9', '5058.32', '805.54'),
	('2690', '9', '4983.92', '798.63'),
	('2691', '9', '5032.3', '798.63'),
	('2692', '9', '4974.02', '795.74'),
	('2693', '9', '5016.9', '789.61'),
	('2694', '9', '4991.76', '789.78'),
	('2695', '9', '5043.21', '808.57'),
	('2696', '9', '5042.44', '791.57'),
	('2697', '9', '5049.95', '809.64'),
	('2698', '9', '5065.41', '803.19'),
	('2699', '9', '5033.48', '797.82'),
	('2700', '9', '4995.56', '810.0'),
	('2701', '9', '5054.97', '803.26'),
	('2702', '9', '5005.0', '798.65'),
	('2703', '9', '5025.25', '794.53'),
	('2704', '9', '5055.61', '790.44'),
	('2705', '9', '5075.69', '810.81'),
	('2706', '9', '5050.59', '799.29'),
	('2707', '9', '5050.62', '808.21'),
	('2708', '9', '5045.39', '789.8'),
	('2709', '9', '4997.5', '791.96'),
	('2710', '9', '5049.52', '802.99'),
	('2711', '9', '5005.6', '790.76'),
	('2712', '9', '5074.22', '791.36'),
	('2713', '9', '5040.67', '802.28'),
	('2714', '9', '5050.07', '803.95'),
	('2715', '9', '4929.12', '789.77'),
	('2716', '9', '4986.11', '806.9'),
	('2717', '9', '5019.48', '798.02'),
	('2718', '9', '4964.33', '802.07'),
	('2719', '9', '4923.92', '802.78'),
	('2720', '9', '5039.73', '804.75'),
	('2721', '9', '4964.82', '807.03'),
	('2722', '9', '4939.31', '800.81'),
	('2723', '9', '4955.49', '792.9'),
	('2724', '9', '4937.49', '810.75'),
	('2725', '9', '5060.46', '792.42'),
	('2726', '9', '5050.0', '795.68'),
	('2727', '9', '4940.49', '803.8'),
	('2728', '9', '5039.26', '793.96'),
	('2729', '9', '5011.07', '797.68'),
	('2730', '9', '4998.9', '803.99'),
	('2731', '9', '5028.79', '802.8'),
	('2732', '9', '4940.06', '807.31'),
	('2733', '9', '4932.61', '808.97'),
	('2734', '9', '4928.87', '796.45'),
	('2735', '9', '4948.0', '801.04'),
	('2736', '9', '4924.45', '804.43'),
	('2737', '9', '4959.22', '791.25'),
	('2738', '9', '5047.87', '808.09'),
	('2739', '9', '5049.12', '799.89'),
	('2740', '9', '5011.49', '791.55'),
	('2741', '9', '4963.64', '805.3'),
	('2742', '9', '4930.8', '809.03'),
	('2743', '9', '5043.27', '790.77'),
	('2744', '9', '5047.01', '806.15'),
	('2745', '9', '5035.08', '807.03'),
	('2746', '9', '5019.99', '798.42'),
	('2747', '9', '5044.79', '808.79'),
	('2748', '9', '5049.73', '810.41'),
	('2749', '9', '4941.04', '807.17'),
	('2750', '9', '4972.43', '794.99'),
	('2751', '9', '4957.96', '796.43'),
	('2752', '9', '4942.48', '796.61'),
	('2753', '9', '4971.33', '801.66'),
	('2754', '9', '4971.18', '791.8'),
	('2755', '9', '5041.33', '789.06'),
	('2756', '9', '5072.91', '796.89'),
	('2757', '9', '4956.62', '795.67'),
	('2758', '9', '4944.78', '793.63'),
	('2759', '9', '4995.43', '790.72'),
	('2760', '9', '5062.96', '808.88'),
	('2761', '9', '5075.51', '807.37'),
	('2762', '9', '5035.56', '805.45'),
	('2763', '9', '4936.09', '790.11'),
	('2764', '9', '4925.69', '802.19'),
	('2765', '9', '5026.22', '808.87'),
	('2766', '9', '5073.56', '798.72'),
	('2767', '9', '5062.25', '796.23'),
	('2768', '9', '5065.73', '793.2'),
	('2769', '9', '4947.22', '804.06'),
	('2770', '9', '5059.74', '791.17'),
	('2771', '9', '5023.75', '793.92'),
	('2772', '9', '5030.88', '806.62'),
	('2773', '9', '5034.19', '798.34'),
	('2774', '9', '5053.42', '794.52'),
	('2775', '9', '5018.57', '809.31'),
	('2776', '9', '5011.58', '804.75'),
	('2777', '9', '4963.32', '809.08'),
	('2778', '9', '4955.0', '801.75'),
	('2779', '9', '5034.57', '794.49'),
	('2780', '9', '4975.17', '799.89'),
	('2781', '9', '4949.89', '808.26'),
	('2782', '9', '5007.88', '801.76'),
	('2783', '9', '5015.78', '806.69'),
	('2784', '9', '4940.95', '810.72'),
	('2785', '9', '4952.43', '805.28'),
	('2786', '9', '5004.0', '808.32'),
	('2787', '9', '4945.83', '794.33'),
	('2788', '9', '4993.54', '789.05'),
	('2789', '9', '5074.56', '806.45'),
	('2790', '9', '5007.66', '792.84'),
	('2791', '9', '5070.35', '797.53'),
	('2792', '9', '4995.15', '793.61'),
	('2793', '9', '5028.05', '795.57'),
	('2794', '9', '5006.31', '792.05'),
	('2795', '9', '4930.6', '790.43'),
	('2796', '9', '5058.47', '798.09'),
	('2797', '9', '4933.57', '794.41'),
	('2798', '9', '5043.25', '797.86'),
	('2799', '9', '5029.48', '811.01'),
	('2800', '9', '4964.95', '801.83'),
	('2801', '9', '4935.16', '806.82'),
	('2802', '9', '4975.93', '803.82'),
	('2803', '9', '4944.74', '792.42'),
	('2804', '9', '5056.16', '794.89'),
	('2805', '9', '4954.15', '791.78'),
	('2806', '9', '5019.39', '801.83'),
	('2807', '9', '5069.21', '810.31'),
	('2808', '9', '4997.02', '805.22'),
	('2809', '9', '4941.24', '804.1'),
	('2810', '9', '4938.13', '806.52'),
	('2811', '9', '4997.67', '804.36'),
	('2812', '9', '4955.08', '800.06'),
	('2813', '9', '4993.35', '800.8'),
	('2814', '9', '4961.27', '797.5'),
	('2815', '9', '5008.86', '803.49'),
	('2816', '9', '4954.78', '792.41'),
	('2817', '9', '4930.9', '804.77'),
	('2818', '9', '4969.67', '796.62'),
	('2819', '9', '5051.82', '811.0'),
	('2820', '9', '5058.64', '804.42'),
	('2821', '9', '5020.79', '806.03'),
	('2822', '9', '5003.99', '806.94'),
	('2823', '9', '4938.77', '799.98'),
	('2824', '9', '5063.41', '794.62'),
	('2825', '9', '5040.53', '801.58'),
	('2826', '9', '5000.4', '799.0'),
	('2827', '9', '5005.94', '798.76'),
	('2828', '9', '5021.09', '788.97'),
	('2829', '9', '4932.32', '794.05'),
	('2830', '9', '4965.74', '799.88'),
	('2831', '9', '4994.56', '810.51'),
	('2832', '9', '5071.46', '805.15'),
	('2833', '9', '4944.0', '796.71'),
	('2834', '9', '4966.68', '795.1'),
	('2835', '9', '4984.61', '806.79'),
	('2836', '9', '4993.27', '809.46'),
	('2837', '9', '5000.39', '789.22'),
	('2838', '9', '5045.23', '800.15'),
	('2839', '9', '5050.86', '806.99'),
	('2840', '9', '4970.44', '805.7'),
	('2841', '9', '4978.45', '801.4'),
	('2842', '9', '5027.68', '804.79'),
	('2843', '9', '4994.84', '809.74'),
	('2844', '9', '5067.98', '806.88'),
	('2845', '9', '4964.18', '803.27'),
	('2846', '9', '5026.78', '797.51'),
	('2847', '9', '5063.44', '797.44'),
	('2848', '9', '4943.4', '794.45'),
	('2849', '9', '4934.81', '789.54'),
	('2850', '9', '5044.41', '806.77'),
	('2851', '9', '5012.67', '809.94'),
	('2852', '9', '5018.75', '807.05'),
	('2853', '9', '4986.18', '800.59'),
	('2854', '9', '4952.03', '811.0'),
	('2855', '9', '4965.36', '806.74'),
	('2856', '9', '4969.94', '793.83'),
	('2857', '9', '5039.96', '793.63'),
	('2858', '9', '4970.38', '793.08'),
	('2859', '9', '4983.05', '809.84'),
	('2860', '9', '4946.98', '795.78'),
	('2861', '9', '4942.94', '811.05'),
	('2862', '9', '4960.99', '809.98'),
	('2863', '9', '4967.78', '801.47'),
	('2864', '9', '4938.91', '805.46'),
	('2865', '9', '5066.47', '796.79'),
	('2866', '9', '5067.05', '791.61'),
	('2867', '9', '4978.17', '805.69'),
	('2868', '9', '4976.02', '793.55'),
	('2869', '9', '4926.25', '799.02'),
	('2870', '9', '5011.66', '794.72'),
	('2871', '9', '5057.69', '799.25'),
	('2872', '9', '4955.21', '789.38'),
	('2873', '9', '4951.05', '811.05'),
	('2874', '9', '4965.88', '793.79'),
	('2875', '9', '4926.67', '802.66'),
	('2876', '9', '4951.21', '806.58'),
	('2877', '9', '4931.14', '799.35'),
	('2878', '9', '4926.72', '790.25'),
	('2879', '9', '5017.76', '794.27'),
	('2880', '9', '4977.37', '802.93'),
	('2881', '9', '5033.48', '799.34'),
	('2882', '9', '4984.63', '793.5'),
	('2883', '9', '5061.83', '797.6'),
	('2884', '9', '5001.11', '794.99'),
	('2885', '9', '4974.91', '808.75'),
	('2886', '9', '4972.76', '800.51'),
	('2887', '9', '4929.48', '788.88'),
	('2888', '9', '4982.28', '796.96'),
	('2889', '9', '4964.24', '801.15'),
	('2890', '9', '4939.26', '797.64'),
	('2891', '9', '5026.04', '802.76'),
	('2892', '9', '4984.42', '795.37'),
	('2893', '9', '5019.69', '807.26'),
	('2894', '9', '4946.99', '810.3'),
	('2895', '9', '5015.84', '794.17'),
	('2896', '9', '4974.64', '804.2'),
	('2897', '9', '5000.14', '799.5'),
	('2898', '9', '5017.5', '797.55'),
	('2899', '9', '4980.5', '790.49'),
	('2900', '9', '4952.95', '802.38'),
	('2901', '9', '4966.95', '800.38'),
	('2902', '9', '5022.11', '799.01'),
	('2903', '9', '4949.06', '790.27'),
	('2904', '9', '4973.67', '797.88'),
	('2905', '9', '4971.85', '790.12'),
	('2906', '9', '5044.85', '809.99'),
	('2907', '9', '4987.45', '803.83'),
	('2908', '9', '4995.32', '804.57'),
	('2909', '9', '4938.48', '793.08'),
	('2910', '9', '5002.51', '795.35'),
	('2911', '9', '5000.61', '807.56'),
	('2912', '9', '4983.29', '803.24'),
	('2913', '9', '4983.38', '802.63'),
	('2914', '9', '4958.74', '791.86'),
	('2915', '9', '5073.77', '800.8'),
	('2916', '9', '5052.51', '795.3'),
	('2917', '9', '5065.48', '796.09'),
	('2918', '9', '5068.72', '792.39'),
	('2919', '9', '5060.01', '807.68'),
	('2920', '9', '4998.39', '801.83'),
	('2921', '9', '5008.59', '808.39'),
	('2922', '9', '5042.35', '795.36'),
	('2923', '9', '4995.47', '807.66'),
	('2924', '9', '4993.73', '802.86'),
	('2925', '9', '5023.08', '795.15'),
	('2926', '9', '4935.6', '797.53'),
	('2927', '9', '5042.76', '807.02'),
	('2928', '9', '5053.59', '806.22'),
	('2929', '9', '5011.38', '809.33'),
	('2930', '9', '5060.85', '791.9'),
	('2931', '9', '5040.73', '804.37'),
	('2932', '9', '5032.53', '790.65'),
	('2933', '9', '5021.53', '792.04'),
	('2934', '9', '5032.91', '798.42'),
	('2935', '9', '4933.35', '789.54'),
	('2936', '9', '4959.3', '792.3'),
	('2937', '9', '5041.4', '791.29'),
	('2938', '9', '5053.13', '799.27'),
	('2939', '9', '4987.7', '800.17'),
	('2940', '9', '5011.58', '809.23'),
	('2941', '9', '5021.12', '804.96'),
	('2942', '9', '5054.99', '799.66'),
	('2943', '9', '4955.4', '797.66'),
	('2944', '9', '4939.99', '805.51'),
	('2945', '9', '4927.56', '804.17'),
	('2946', '9', '4954.0', '804.34'),
	('2947', '9', '4966.78', '789.1'),
	('2948', '9', '4998.0', '798.58'),
	('2949', '9', '5075.0', '791.45'),
	('2950', '9', '5027.2', '791.93'),
	('2951', '9', '4950.89', '806.51'),
	('2952', '9', '4999.95', '799.04'),
	('2953', '9', '5058.42', '790.64'),
	('2954', '9', '5063.02', '797.18'),
	('2955', '9', '4985.24', '805.74'),
	('2956', '9', '4968.91', '790.47'),
	('2957', '9', '5019.44', '805.08'),
	('2958', '9', '5073.98', '798.36'),
	('2959', '9', '4966.61', '796.58'),
	('2960', '9', '4943.29', '793.68'),
	('2961', '9', '4975.39', '803.7'),
	('2962', '9', '4960.56', '810.76'),
	('2963', '9', '4973.13', '796.44'),
	('2964', '9', '5001.56', '800.33'),
	('2965', '9', '5038.05', '797.42'),
	('2966', '9', '4956.29', '806.94'),
	('2967', '9', '4978.09', '810.37'),
	('2968', '9', '4965.69', '803.19'),
	('2969', '9', '4994.5', '808.27'),
	('2970', '9', '4994.11', '805.12'),
	('2971', '9', '5047.76', '790.56'),
	('2972', '9', '4965.52', '810.14'),
	('2973', '9', '5040.29', '808.69'),
	('2974', '9', '4992.64', '805.13'),
	('2975', '9', '4961.69', '796.24'),
	('2976', '9', '4971.46', '797.79'),
	('2977', '9', '4941.73', '805.16'),
	('2978', '9', '5053.15', '800.51'),
	('2979', '9', '4931.11', '795.04'),
	('2980', '9', '5037.51', '810.47'),
	('2981', '9', '5044.86', '803.16'),
	('2982', '9', '4969.79', '799.17'),
	('2983', '9', '4994.56', '809.79'),
	('2984', '9', '5025.42', '802.09'),
	('2985', '9', '5002.55', '789.12'),
	('2986', '9', '5068.81', '809.13'),
	('2987', '9', '4943.82', '800.46'),
	('2988', '9', '4962.31', '801.87'),
	('2989', '9', '4956.75', '807.05'),
	('2990', '9', '5037.98', '809.9'),
	('2991', '9', '4931.72', '796.29'),
	('2992', '9', '5061.61', '791.56'),
	('2993', '9', '4930.55', '795.05'),
	('2994', '9', '5056.53', '792.74'),
	('2995', '9', '5003.33', '804.71'),
	('2996', '9', '5061.71', '801.1'),
	('2997', '9', '4949.1', '804.97'),
	('2998', '9', '5071.47', '796.09'),
	('2999', '9', '4946.12', '789.59'),
	('3000', '9', '4960.94', '808.52');

		insert into OutputProductMeasurements(IdMeasurement, IdProcess, MeasuredLenght, MeasuredWidth)
values
	('3001', '9', '5064.21', '801.9'),
	('3002', '9', '5037.72', '796.32'),
	('3003', '9', '5021.71', '792.19'),
	('3004', '9', '4980.0', '789.12'),
	('3005', '9', '4978.19', '789.71'),
	('3006', '9', '4940.24', '796.52'),
	('3007', '9', '5026.56', '793.16'),
	('3008', '9', '5060.31', '800.36'),
	('3009', '9', '4988.34', '793.96'),
	('3010', '9', '4970.52', '799.63'),
	('3011', '9', '4937.74', '803.86'),
	('3012', '9', '5006.84', '802.77'),
	('3013', '9', '4951.41', '807.47'),
	('3014', '9', '4960.19', '792.8'),
	('3015', '9', '5069.83', '791.09'),
	('3016', '9', '4928.65', '800.65'),
	('3017', '9', '4979.87', '807.76'),
	('3018', '9', '4942.3', '808.52'),
	('3019', '9', '5074.84', '804.14'),
	('3020', '9', '4968.98', '798.37'),
	('3021', '9', '5069.71', '804.15'),
	('3022', '9', '5067.46', '789.84'),
	('3023', '9', '5001.85', '798.06'),
	('3024', '9', '4976.83', '806.28'),
	('3025', '9', '5040.8', '789.28'),
	('3026', '9', '4944.82', '797.79'),
	('3027', '9', '4970.7', '791.63'),
	('3028', '9', '5029.79', '805.17'),
	('3029', '9', '4945.75', '796.79'),
	('3030', '9', '5001.31', '789.67'),
	('3031', '9', '4977.65', '802.47'),
	('3032', '9', '5024.5', '810.73'),
	('3033', '9', '5034.03', '810.46'),
	('3034', '9', '4952.59', '808.12'),
	('3035', '9', '4957.46', '789.54'),
	('3036', '9', '4972.17', '800.24'),
	('3037', '9', '5027.89', '795.97'),
	('3038', '9', '5025.06', '808.98'),
	('3039', '9', '4942.0', '807.67'),
	('3040', '9', '5063.21', '795.09'),
	('3041', '9', '5016.91', '803.8'),
	('3042', '9', '4963.92', '791.38'),
	('3043', '9', '4947.61', '809.4'),
	('3044', '9', '4956.87', '793.97'),
	('3045', '9', '5019.16', '792.69'),
	('3046', '9', '4999.34', '801.32'),
	('3047', '9', '5048.4', '809.84'),
	('3048', '9', '4998.38', '794.3'),
	('3049', '9', '4942.89', '797.36'),
	('3050', '9', '4949.78', '808.44'),
	('3051', '9', '5070.02', '801.5'),
	('3052', '9', '4945.51', '800.06'),
	('3053', '9', '4990.39', '803.46'),
	('3054', '9', '4957.12', '799.88'),
	('3055', '9', '5027.69', '801.34'),
	('3056', '9', '4956.88', '793.66'),
	('3057', '9', '4973.25', '805.35'),
	('3058', '9', '4930.09', '790.86'),
	('3059', '9', '4969.16', '789.06'),
	('3060', '9', '5042.64', '810.52'),
	('3061', '9', '4925.76', '801.27'),
	('3062', '9', '5049.57', '803.12'),
	('3063', '9', '5035.28', '809.64'),
	('3064', '9', '4982.16', '793.37'),
	('3065', '9', '4992.06', '807.4'),
	('3066', '9', '4991.79', '810.52'),
	('3067', '9', '4936.93', '797.39'),
	('3068', '9', '5054.72', '807.21'),
	('3069', '9', '4975.51', '792.81'),
	('3070', '9', '5018.59', '793.07'),
	('3071', '9', '5002.04', '810.8'),
	('3072', '9', '5021.22', '790.69'),
	('3073', '9', '4968.76', '796.77'),
	('3074', '9', '5065.85', '798.32'),
	('3075', '9', '4978.1', '805.89'),
	('3076', '9', '5027.54', '794.72'),
	('3077', '9', '5008.91', '801.28'),
	('3078', '9', '4937.74', '804.31'),
	('3079', '9', '4982.97', '790.41'),
	('3080', '9', '5029.11', '793.49'),
	('3081', '9', '5030.74', '796.05'),
	('3082', '9', '5058.68', '807.12'),
	('3083', '9', '5012.11', '794.69'),
	('3084', '9', '4997.73', '803.74'),
	('3085', '9', '5014.53', '789.82'),
	('3086', '9', '5002.78', '801.99'),
	('3087', '9', '4970.19', '811.09'),
	('3088', '9', '5029.98', '804.08'),
	('3089', '9', '4967.68', '797.2'),
	('3090', '9', '4999.88', '795.77'),
	('3091', '9', '5013.91', '803.18'),
	('3092', '9', '5070.01', '804.58'),
	('3093', '9', '5013.65', '794.42'),
	('3094', '9', '4972.06', '806.99'),
	('3095', '9', '5037.91', '806.55'),
	('3096', '9', '5031.86', '791.71'),
	('3097', '9', '4934.98', '803.81'),
	('3098', '9', '4982.43', '789.48'),
	('3099', '9', '4993.39', '805.81'),
	('3100', '9', '5050.54', '802.51'),
	('3101', '9', '5044.28', '793.17'),
	('3102', '9', '5020.16', '801.4'),
	('3103', '9', '5054.76', '805.05'),
	('3104', '9', '4933.07', '793.09'),
	('3105', '9', '4988.37', '803.22'),
	('3106', '9', '5051.35', '797.32'),
	('3107', '9', '4992.17', '805.74'),
	('3108', '9', '5049.8', '792.77'),
	('3109', '9', '5049.8', '792.77');
	
UPDATE OrderCustomer
SET Cost = (TechnicalProductData.PricePerMeter*OrderDetail.Quantity*OrderCustomer.Markup)
FROM OrderDetail
JOIN OrderCustomer
ON OrderCustomer.IdOrderCustomer = OrderDetail.IdOrderCustomer
JOIN TechnicalProductData
ON TechnicalProductData.IdProduct = OrderDetail.IdProduct
JOIN Customer
ON OrderCustomer.IdCustomer = Customer.IdCustomer